drop database if exists range_substr_test;
Warnings:
Note	1008	Can't drop database 'range_substr_test'; database doesn't exist
create database if not exists range_substr_test;
use range_substr_test;
varchar utf8mb4_0900_ai_ci
create table if not exists t1
( id1 int, name char(15), city varchar(15), country char(7), primary key (id1,city)) 
partition by range (substr(city,8,5)) 
(PARTITION part_0 VALUES less than (' '), 
PARTITION part_1 VALUES less than ('11'), 
PARTITION part_2 VALUES less than ('1XX'),
PARTITION part_3 VALUES less than ('55'), 
PARTITION part_4 VALUES less than ('5XX'), 
PARTITION part_5 VALUES less than ('99'), 
PARTITION part_6 VALUES less than ('9XX X'), 
PARTITION part_7 VALUES less than ('zz')) ;
explain insert into t1 values (1,'sacac','02 2349','sce');
id	select_type	table	partitions	type	possible_keys	key	key_len	ref	rows	filtered	Extra
1	INSERT	t1	part_0	ALL	NULL	NULL	NULL	NULL	NULL	NULL	NULL
Warnings:
Note	1003	insert into `range_substr_test`.`t1` values (1,'sacac','02 2349','sce')
explain insert into t1 values (1,'sacac','02 2349 ','sce');
id	select_type	table	partitions	type	possible_keys	key	key_len	ref	rows	filtered	Extra
1	INSERT	t1	part_1	ALL	NULL	NULL	NULL	NULL	NULL	NULL	NULL
Warnings:
Note	1003	insert into `range_substr_test`.`t1` values (1,'sacac','02 2349 ','sce')
explain insert into t1 values (1,'sacac','02 2349  ','sce');
id	select_type	table	partitions	type	possible_keys	key	key_len	ref	rows	filtered	Extra
1	INSERT	t1	part_1	ALL	NULL	NULL	NULL	NULL	NULL	NULL	NULL
Warnings:
Note	1003	insert into `range_substr_test`.`t1` values (1,'sacac','02 2349  ','sce')
explain insert into t1 values (1,'sacac','02 2349   ','sce');
id	select_type	table	partitions	type	possible_keys	key	key_len	ref	rows	filtered	Extra
1	INSERT	t1	part_1	ALL	NULL	NULL	NULL	NULL	NULL	NULL	NULL
Warnings:
Note	1003	insert into `range_substr_test`.`t1` values (1,'sacac','02 2349   ','sce')
insert into t1 values (1,'sacac','02 2349','sce');
insert into t1 values (1,'sacac','02 2349 ','sce');
insert into t1 values (1,'sacac','02 2349  ','sce');
insert into t1 values (1,'sacac','02 2349   ','sce');
select * from t1;
id1	name	city	country
1	sacac	02 2349	sce
1	sacac	02 2349 	sce
1	sacac	02 2349  	sce
1	sacac	02 2349   	sce
varchar utf8mb4_bin
create table if not exists t2
( id1 int, name char(15), city varchar(15), country char(7),
primary key (id1,city)) COLLATE=utf8mb4_bin 
partition by range (substr(city,8,5)) 
(PARTITION part_0 VALUES less than (' '), 
PARTITION part_1 VALUES less than ('11'), 
PARTITION part_2 VALUES less than ('1XX'),
PARTITION part_3 VALUES less than ('55'), 
PARTITION part_4 VALUES less than ('5XX'), 
PARTITION part_5 VALUES less than ('99'), 
PARTITION part_6 VALUES less than ('9XX X'), 
PARTITION part_7 VALUES less than ('zz')) ;
explain insert into t2 values (1,'sacac','02 2349','sce');
id	select_type	table	partitions	type	possible_keys	key	key_len	ref	rows	filtered	Extra
1	INSERT	t2	part_1	ALL	NULL	NULL	NULL	NULL	NULL	NULL	NULL
Warnings:
Note	1003	insert into `range_substr_test`.`t2` values (1,'sacac','02 2349','sce')
explain insert into t2 values (1,'sacac','02 2349 ','sce');
id	select_type	table	partitions	type	possible_keys	key	key_len	ref	rows	filtered	Extra
1	INSERT	t2	part_1	ALL	NULL	NULL	NULL	NULL	NULL	NULL	NULL
Warnings:
Note	1003	insert into `range_substr_test`.`t2` values (1,'sacac','02 2349 ','sce')
explain insert into t2 values (1,'sacac','02 2349  ','sce');
id	select_type	table	partitions	type	possible_keys	key	key_len	ref	rows	filtered	Extra
1	INSERT	t2	part_1	ALL	NULL	NULL	NULL	NULL	NULL	NULL	NULL
Warnings:
Note	1003	insert into `range_substr_test`.`t2` values (1,'sacac','02 2349  ','sce')
explain insert into t2 values (1,'sacac','02 2349   ','sce');
id	select_type	table	partitions	type	possible_keys	key	key_len	ref	rows	filtered	Extra
1	INSERT	t2	part_1	ALL	NULL	NULL	NULL	NULL	NULL	NULL	NULL
Warnings:
Note	1003	insert into `range_substr_test`.`t2` values (1,'sacac','02 2349   ','sce')
insert into t2 values (1,'sacac','02 2349','sce');
insert into t2 values (1,'sacac','02 2349 ','sce');
ERROR 23000: Duplicate entry '1-02 2349 ' for key 'PRIMARY'
insert into t2 values (1,'sacac','02 2349  ','sce');
ERROR 23000: Duplicate entry '1-02 2349  ' for key 'PRIMARY'
insert into t2 values (1,'sacac','02 2349   ','sce');
ERROR 23000: Duplicate entry '1-02 2349   ' for key 'PRIMARY'
select * from t2;
id1	name	city	country
1	sacac	02 2349	sce
char utf8mb4_0900_ai_ci
create table if not exists t3
( id1 int, name char(15), city char(15), country char(7), primary key (id1,city)) 
partition by range (substr(city,8,5)) 
(PARTITION part_0 VALUES less than (' '), 
PARTITION part_1 VALUES less than ('11'), 
PARTITION part_2 VALUES less than ('1XX'),
PARTITION part_3 VALUES less than ('55'), 
PARTITION part_4 VALUES less than ('5XX'), 
PARTITION part_5 VALUES less than ('99'), 
PARTITION part_6 VALUES less than ('9XX X'), 
PARTITION part_7 VALUES less than ('zz')) ;
explain insert into t3 values (1,'sacac','02 2349','sce');
id	select_type	table	partitions	type	possible_keys	key	key_len	ref	rows	filtered	Extra
1	INSERT	t3	part_0	ALL	NULL	NULL	NULL	NULL	NULL	NULL	NULL
Warnings:
Note	1003	insert into `range_substr_test`.`t3` values (1,'sacac','02 2349','sce')
explain insert into t3 values (1,'sacac','02 2349 ','sce');
id	select_type	table	partitions	type	possible_keys	key	key_len	ref	rows	filtered	Extra
1	INSERT	t3	part_0	ALL	NULL	NULL	NULL	NULL	NULL	NULL	NULL
Warnings:
Note	1003	insert into `range_substr_test`.`t3` values (1,'sacac','02 2349 ','sce')
explain insert into t3 values (1,'sacac','02 2349  ','sce');
id	select_type	table	partitions	type	possible_keys	key	key_len	ref	rows	filtered	Extra
1	INSERT	t3	part_0	ALL	NULL	NULL	NULL	NULL	NULL	NULL	NULL
Warnings:
Note	1003	insert into `range_substr_test`.`t3` values (1,'sacac','02 2349  ','sce')
explain insert into t3 values (1,'sacac','02 2349   ','sce');
id	select_type	table	partitions	type	possible_keys	key	key_len	ref	rows	filtered	Extra
1	INSERT	t3	part_0	ALL	NULL	NULL	NULL	NULL	NULL	NULL	NULL
Warnings:
Note	1003	insert into `range_substr_test`.`t3` values (1,'sacac','02 2349   ','sce')
insert into t3 values (1,'sacac','02 2349','sce');
insert into t3 values (1,'sacac','02 2349 ','sce');
ERROR 23000: Duplicate entry '1-02 2349' for key 'PRIMARY'
insert into t3 values (1,'sacac','02 2349  ','sce');
ERROR 23000: Duplicate entry '1-02 2349' for key 'PRIMARY'
insert into t3 values (1,'sacac','02 2349   ','sce');
ERROR 23000: Duplicate entry '1-02 2349' for key 'PRIMARY'
select * from t3;
id1	name	city	country
1	sacac	02 2349	sce
char utf8mb4_bin
create table if not exists t4
( id1 int, name char(15), city char(15), country char(7),
primary key (id1,city)) COLLATE=utf8mb4_bin 
partition by range (substr(city,8,5)) 
(PARTITION part_0 VALUES less than (' '), 
PARTITION part_1 VALUES less than ('11'), 
PARTITION part_2 VALUES less than ('1XX'),
PARTITION part_3 VALUES less than ('55'), 
PARTITION part_4 VALUES less than ('5XX'), 
PARTITION part_5 VALUES less than ('99'), 
PARTITION part_6 VALUES less than ('9XX X'), 
PARTITION part_7 VALUES less than ('zz')) ;
explain insert into t4 values (1,'sacac','02 2349','sce');
id	select_type	table	partitions	type	possible_keys	key	key_len	ref	rows	filtered	Extra
1	INSERT	t4	part_1	ALL	NULL	NULL	NULL	NULL	NULL	NULL	NULL
Warnings:
Note	1003	insert into `range_substr_test`.`t4` values (1,'sacac','02 2349','sce')
explain insert into t4 values (1,'sacac','02 2349 ','sce');
id	select_type	table	partitions	type	possible_keys	key	key_len	ref	rows	filtered	Extra
1	INSERT	t4	part_1	ALL	NULL	NULL	NULL	NULL	NULL	NULL	NULL
Warnings:
Note	1003	insert into `range_substr_test`.`t4` values (1,'sacac','02 2349 ','sce')
explain insert into t4 values (1,'sacac','02 2349  ','sce');
id	select_type	table	partitions	type	possible_keys	key	key_len	ref	rows	filtered	Extra
1	INSERT	t4	part_1	ALL	NULL	NULL	NULL	NULL	NULL	NULL	NULL
Warnings:
Note	1003	insert into `range_substr_test`.`t4` values (1,'sacac','02 2349  ','sce')
explain insert into t4 values (1,'sacac','02 2349   ','sce');
id	select_type	table	partitions	type	possible_keys	key	key_len	ref	rows	filtered	Extra
1	INSERT	t4	part_1	ALL	NULL	NULL	NULL	NULL	NULL	NULL	NULL
Warnings:
Note	1003	insert into `range_substr_test`.`t4` values (1,'sacac','02 2349   ','sce')
insert into t4 values (1,'sacac','02 2349','sce');
insert into t4 values (1,'sacac','02 2349 ','sce');
ERROR 23000: Duplicate entry '1-02 2349' for key 'PRIMARY'
insert into t4 values (1,'sacac','02 2349  ','sce');
ERROR 23000: Duplicate entry '1-02 2349' for key 'PRIMARY'
insert into t4 values (1,'sacac','02 2349   ','sce');
ERROR 23000: Duplicate entry '1-02 2349' for key 'PRIMARY'
select * from t4;
id1	name	city	country
1	sacac	02 2349	sce
drop database range_substr_test;
