SET @GOLD_TMP_TABLE_MAX_ROWS= @@global.TMP_TABLE_MAX_ROWS;
SET @OLD_TMP_TABLE_MAX_ROWS= @@global.TMP_TABLE_MAX_ROWS;
set @old_tmp_table_size = @@global.tmp_table_size;
drop database if exists dbtest;
create database dbtest;
create temporary table tmp_t2(id int ,c1 int,c2 varchar(500),c3 varchar(500));
set tmp_table_size=1024;
##########################################################
# test case 1:  configuration  tmp_table_max_rows
##########################################################
show variables like "tmp_table_max_rows";
Variable_name	Value
tmp_table_max_rows	0
set tmp_table_max_rows=1;
show variables like "tmp_table_max_rows";
Variable_name	Value
tmp_table_max_rows	1
set tmp_table_max_rows= 18446744073709551615+2;
ERROR 22003: BIGINT UNSIGNED value is out of range in '(18446744073709551615 + 2)'
show variables like "tmp_table_max_rows";
Variable_name	Value
tmp_table_max_rows	1
set tmp_table_max_rows=18446744073709551615;
show variables like "tmp_table_max_rows";
Variable_name	Value
tmp_table_max_rows	18446744073709551615
set tmp_table_max_rows=10;
show variables like "tmp_table_max_rows";
Variable_name	Value
tmp_table_max_rows	10
set global tmp_table_max_rows=11;
show variables like "tmp_table_max_rows";
Variable_name	Value
tmp_table_max_rows	10
##########################################################
# test case 2:  tmp_table_max_rows do not work on Explicit tmp table
##########################################################
set tmp_table_max_rows=4;
INSERT INTO tmp_t2 select 1,1,repeat('A',500),repeat('A',500);
INSERT INTO tmp_t2 select 1,1,repeat('A',500),repeat('A',500);
INSERT INTO tmp_t2 select 1,1,repeat('A',500),repeat('A',500);
INSERT INTO tmp_t2 select 1,1,repeat('A',500),repeat('A',500);
INSERT INTO tmp_t2 select 1,1,repeat('A',500),repeat('A',500);
update tmp_t2 set c1=1 ;
select * from tmp_t2;
drop temporary table if exists tmp_t2;
set global TMP_TABLE_MAX_ROWS= @GOLD_TMP_TABLE_MAX_ROWS;
set TMP_TABLE_MAX_ROWS= @OLD_TMP_TABLE_MAX_ROWS;
set global tmp_table_size = @@global.tmp_table_size;
set tmp_table_size = @@global.tmp_table_size;
drop database if exists dbtest;
