drop database if exists test_decode_db;
Warnings:
Note	1008	Can't drop database 'test_decode_db'; database doesn't exist
create database test_decode_db;
use test_decode_db;
drop table if exists test_decode_db.test_decode;
Warnings:
Note	1051	Unknown table 'test_decode_db.test_decode'
create table if not exists test_decode_db.test_decode
(
id         int not null primary key,
id1        int,
id2        int,
varchar1   varchar(80)
);
start transaction;
insert into test_decode (id,id1,id2,varchar1) values (1,  11, 111, '语文');
insert into test_decode (id,id1,id2,varchar1) values (2,  22,  22, '数学');
insert into test_decode (id,id1,id2,varchar1) values (3, 333,  33, '品德');
insert into test_decode (id,id1,id2,varchar1) values (4,  44, 444,  NULL);
insert into test_decode (id,id1,id2,varchar1) values (5, 555,  55, 'English');
commit;
create table if not exists decode (a int, decode varchar(20));
insert into decode (a, decode) values (1, 'decode func');
select a as decode from decode;
decode
1
drop table if exists decode;
select decode from dual;
ERROR 42S22: Unknown column 'decode' in 'field list'
select decode() from dual;
ERROR 42000: Incorrect parameter count in the call to native function 'decode'
select decode(1) from dual;
ERROR 42000: Incorrect parameter count in the call to native function 'decode'
select decode(1,) from dual;
ERROR 42000: You have an error in your SQL syntax; check the manual that corresponds to your MySQL server version for the right syntax to use near ') from dual' at line 1
select decode(1,2,) from dual;
ERROR 42000: You have an error in your SQL syntax; check the manual that corresponds to your MySQL server version for the right syntax to use near ') from dual' at line 1
select decode(NULL, 4, 2) from dual;
decode(NULL, 4, 2)
NULL
select decode(NULL, 4, 2, NULL) from dual;
decode(NULL, 4, 2, NULL)
NULL
select decode(NULL, NULL, 2, NULL) from dual;
decode(NULL, NULL, 2, NULL)
NULL
select decode('', 4, 2) from dual;
decode('', 4, 2)
NULL
select decode('', 4, 2, 'X') from dual;
decode('', 4, 2, 'X')
X
select decode('', '', 2, 'X') from dual;
decode('', '', 2, 'X')
2
select decode('', NULL, 2, 'X') from dual;
decode('', NULL, 2, 'X')
X
select decode(NULL, '', 2, 'X') from dual;
decode(NULL, '', 2, 'X')
X
select decode(2, 2, '5') from dual;
decode(2, 2, '5')
5
select decode(2, 2, 5) from dual;
decode(2, 2, 5)
5
select decode(2, '2', '5') from dual;
decode(2, '2', '5')
5
select decode(2, '2', 5) from dual;
decode(2, '2', 5)
5
select decode(2, '3', 3, 5) from dual;
decode(2, '3', 3, 5)
5
select decode(2, '3', 3, '5') from dual;
decode(2, '3', 3, '5')
5
select decode('2', 2, '5') from dual;
decode('2', 2, '5')
5
select decode('2', 2, 5) from dual;
decode('2', 2, 5)
5
select decode('2', '2', '5') from dual;
decode('2', '2', '5')
5
select decode('2', '2', 5) from dual;
decode('2', '2', 5)
5
select decode('2', '3', 3, 5) from dual;
decode('2', '3', 3, 5)
5
select decode('2', '3', 3, '5') from dual;
decode('2', '3', 3, '5')
5
select decode (to_timestamp('2020-05-08','yyyy-mm-dd'), '2020-05-08 00:00:00.000000', 'timestamp', 'default') as decode_timestamp;
decode_timestamp
timestamp
select decode (to_date('2020-05-08','yyyy-mm-dd'), '2020-05-08 00:00:00', 'timestamp', 'default') as decode_date;
decode_date
timestamp
select decode (id,1,'id is 1',2,'id is 2','otners') from test_decode order by id;
decode (id,1,'id is 1',2,'id is 2','otners')
id is 1
id is 2
otners
otners
otners
select decode (id,1,concat('id is ', id),2,concat('id is ', id),'otners') from test_decode order by id;
decode (id,1,concat('id is ', id),2,concat('id is ', id),'otners')
id is 1
id is 2
otners
otners
otners
select decode (varchar1,'语文',concat('是', varchar1),'数学',concat('是', varchar1),'English',concat('是', varchar1)) from test_decode order by id;
decode (varchar1,'语文',concat('是', varchar1),'数学',concat('是', varchar1),'English',concat('是', varchar1))
是语文
是数学
NULL
NULL
是English
select decode (varchar1,'语文','语文是1','数学','数学是2','English','英语是5','其他数') from test_decode order by id;
decode (varchar1,'语文','语文是1','数学','数学是2','English','英语是5','其他数')
语文是1
数学是2
其他数
其他数
英语是5
select decode (varchar1,'语文','语文是1','数学','数学是2','English','英语是5','其他数') as decode_result from test_decode order by id;
decode_result
语文是1
数学是2
其他数
其他数
英语是5
select id1,id2,
decode (sign(nvl(id1,0) - nvl(id2,0)),
-1, nvl(id2,0) - nvl(id1,0),
0, nvl(id1,0) - nvl(id2,0),
1, nvl(id1,0) - nvl(id2,0)) as decode_desc
from test_decode order by id;
id1	id2	decode_desc
11	111	100
22	22	0
333	33	300
44	444	400
555	55	500
select decode (id+1,2,'id is 1',3,'id is 2','otners') from test_decode order by id;
decode (id+1,2,'id is 1',3,'id is 2','otners')
id is 1
id is 2
otners
otners
otners
select length (decode(varchar1,'语文','语文是1','数学','数学是2','English','英语是3','其他数')) from test_decode order by id;
length (decode(varchar1,'语文','语文是1','数学','数学是2','English','英语是3','其他数'))
10
10
9
9
10
select decode(length(varchar1),7,'English',13,'高等-数学',6,'语文或数学','其他数') from test_decode order by id;
decode(length(varchar1),7,'English',13,'高等-数学',6,'语文或数学','其他数')
语文或数学
语文或数学
语文或数学
其他数
English
select decode(char_length(varchar1)+1,3,'char length is 3','其他数') from test_decode order by id;
decode(char_length(varchar1)+1,3,'char length is 3','其他数')
char length is 3
char length is 3
char length is 3
其他数
其他数
select * from (select decode (1,1,'1=1','false') from dual) tmp;
decode (1,1,'1=1','false')
1=1
select * from (select id,decode (id,1,'id is 1',2,'id is 2','others') from test_decode) tmp order by id;
id	decode (id,1,'id is 1',2,'id is 2','others')
1	id is 1
2	id is 2
3	others
4	others
5	others
select * from (select id,decode (id+1,2,'id is 1',3,'id is 2','otners') from test_decode)tmp order by id;
id	decode (id+1,2,'id is 1',3,'id is 2','otners')
1	id is 1
2	id is 2
3	otners
4	otners
5	otners
select * from (select id,decode(varchar1,'语文','语文是1','数学','数学是2','English','英语是5','其他数') from test_decode) tmp order by id;
id	decode(varchar1,'语文','语文是1','数学','数学是2','English','英语是5','其他数')
1	语文是1
2	数学是2
3	其他数
4	其他数
5	英语是5
select * from (select id,decode(varchar1,'语文','语文是1','数学','数学是2','English','英语是5') from test_decode) tmp order by id;
id	decode(varchar1,'语文','语文是1','数学','数学是2','English','英语是5')
1	语文是1
2	数学是2
3	NULL
4	NULL
5	英语是5
select decode_result from (select id,decode(varchar1,'语文','语文是1','数学','数学是2','English','英语是5','其他数') as decode_result from test_decode)tmp order by id;
decode_result
语文是1
数学是2
其他数
其他数
英语是5
select * from (select id,decode(length(varchar1),7,'English',13,'高等-数学',6,'语文或数学','其他数') from test_decode)tmp order by id;
id	decode(length(varchar1),7,'English',13,'高等-数学',6,'语文或数学','其他数')
1	语文或数学
2	语文或数学
3	语文或数学
4	其他数
5	English
select * from (select id,decode(length(varchar1)+1,7,'English',13,'高等-数学',6,'语文或数学','其他数') from test_decode)tmp order by id;
id	decode(length(varchar1)+1,7,'English',13,'高等-数学',6,'语文或数学','其他数')
1	English
2	English
3	English
4	其他数
5	其他数
select * from test_decode where id = decode (1,1,'1',2) order by id;
id	id1	id2	varchar1
1	11	111	语文
select * from test_decode where exists (select decode (1,1,'1=1','false') from dual) order by id;
id	id1	id2	varchar1
1	11	111	语文
2	22	22	数学
3	333	33	品德
4	44	444	NULL
5	555	55	English
select * from test_decode where id in (select decode(varchar1,'语文','1','数学','2','English','5','3') from test_decode) order by id;
id	id1	id2	varchar1
1	11	111	语文
2	22	22	数学
3	333	33	品德
5	555	55	English
select * from test_decode where id in (select decode(varchar1,'语文','1','数学','2','English','5','3') as decode_result from test_decode) order by id;
id	id1	id2	varchar1
1	11	111	语文
2	22	22	数学
3	333	33	品德
5	555	55	English
select * from test_decode where id not in (select decode(varchar1,'语文','1','数学','2','English','5','3') from test_decode) order by id;
id	id1	id2	varchar1
4	44	444	NULL
select * from test_decode where id in (select length (decode(varchar1,'语文','1','数学','12','English','123','12345')) from test_decode) order by id;
id	id1	id2	varchar1
1	11	111	语文
2	22	22	数学
3	333	33	品德
5	555	55	English
select * from test_decode where id in (select decode(length(varchar1)-5,1,1,2,5,6) from test_decode) order by id;
id	id1	id2	varchar1
1	11	111	语文
5	555	55	English
select * from test_decode where id = decode(varchar1,'语文','1','数学','2','English','5','3') order by id;
id	id1	id2	varchar1
1	11	111	语文
2	22	22	数学
3	333	33	品德
5	555	55	English
select * from test_decode where id != decode(varchar1,'语文','1','数学','2','English','5','3') order by id;
id	id1	id2	varchar1
4	44	444	NULL
select * from test_decode where id in (decode(varchar1,'语文','1','数学','12','English','123','12345')) order by id;
id	id1	id2	varchar1
1	11	111	语文
select * from test_decode where id in (decode(length(varchar1)-5,1,1,2,5,6)) order by id;
id	id1	id2	varchar1
1	11	111	语文
5	555	55	English
select * from test_decode order by decode(varchar1,'语文','1','数学','2','english','3','5');
id	id1	id2	varchar1
1	11	111	语文
2	22	22	数学
5	555	55	English
3	333	33	品德
4	44	444	NULL
drop database if exists test_decode_db;
