DROP DATABASE IF EXISTS test_db;
Warnings:
Note	1008	Can't drop database 'test_db'; database doesn't exist
CREATE DATABASE test_db;
USE test_db;
CREATE table t1 (a INT PRIMARY KEY, b INT , c VARCHAR(30));
INSERT INTO t1 VALUES (5,5,'5xxxx');
INSERT INTO t1 VALUES (2,2,'2xxxx');
INSERT INTO t1 VALUES (4,4,'4xxxx');
INSERT INTO t1 VALUES (7,7,'7xxxx');
INSERT INTO t1 VALUES (6,6,'6xxxx');
INSERT INTO t1 VALUES (8,8,'8xxxx');
INSERT INTO t1 VALUES (1,1,'1xxxx');
INSERT INTO t1 VALUES (3,3,'3xxxx');
CREATE table t2 (a INT PRIMARY KEY, b INT , c VARCHAR(30));
INSERT INTO t2 VALUES (5,5,'5xxxx');
INSERT INTO t2 VALUES (2,2,'2xxxx');
INSERT INTO t2 VALUES (4,4,'4xxxx');
INSERT INTO t2 VALUES (7,7,'7xxxx');
INSERT INTO t2 VALUES (6,6,'6xxxx');
INSERT INTO t2 VALUES (8,8,'8xxxx');
INSERT INTO t2 VALUES (1,1,'1xxxx');
INSERT INTO t2 VALUES (3,3,'3xxxx');
SELECT * FROM t2 ORDER BY a LIMIT FETCH FIRST 1 ROW ONLY;
ERROR 42000: You have an error in your SQL syntax; check the manual that corresponds to your MySQL server version for the right syntax to use near 'FETCH FIRST 1 ROW ONLY' at line 1
SELECT * FROM t2 ORDER BY a LIMIT 1 FETCH FIRST 1 ROW ONLY;
ERROR 42000: You have an error in your SQL syntax; check the manual that corresponds to your MySQL server version for the right syntax to use near 'FETCH FIRST 1 ROW ONLY' at line 1
SELECT * FROM t2 ORDER BY a FETCH 1 ROW ONLY;
ERROR 42000: You have an error in your SQL syntax; check the manual that corresponds to your MySQL server version for the right syntax to use near '1 ROW ONLY' at line 1
SELECT * FROM t2 ORDER BY a FETCH FIRST 1 ROW;
ERROR 42000: You have an error in your SQL syntax; check the manual that corresponds to your MySQL server version for the right syntax to use near '' at line 1
SELECT * FROM t2 ORDER BY a FETCH FIRST 1 ONLY;
ERROR 42000: You have an error in your SQL syntax; check the manual that corresponds to your MySQL server version for the right syntax to use near 'ONLY' at line 1
SELECT * FROM t2 ORDER BY a FETCH FIRST -1 ONLY;
ERROR 42000: You have an error in your SQL syntax; check the manual that corresponds to your MySQL server version for the right syntax to use near '-1 ONLY' at line 1
SELECT * FROM t2 ORDER BY a FETCH FIRST -5.7 ONLY;
ERROR 42000: You have an error in your SQL syntax; check the manual that corresponds to your MySQL server version for the right syntax to use near '-5.7 ONLY' at line 1
SELECT * FROM t2 ORDER BY a FETCH FIRST 0.0 ONLY;
ERROR 42000: You have an error in your SQL syntax; check the manual that corresponds to your MySQL server version for the right syntax to use near '0.0 ONLY' at line 1
SELECT * FROM t2 ORDER BY a FETCH FIRST 0.7 ONLY;
ERROR 42000: You have an error in your SQL syntax; check the manual that corresponds to your MySQL server version for the right syntax to use near '0.7 ONLY' at line 1
SELECT * FROM t2 ORDER BY a FETCH FIRST NULL ONLY;
ERROR 42000: You have an error in your SQL syntax; check the manual that corresponds to your MySQL server version for the right syntax to use near 'NULL ONLY' at line 1
SELECT * FROM t2 ORDER BY a FETCH FIRST '' ONLY;
ERROR 42000: You have an error in your SQL syntax; check the manual that corresponds to your MySQL server version for the right syntax to use near ''' ONLY' at line 1
SELECT * FROM t2 ORDER BY a FETCH FIRST 'string' ONLY;
ERROR 42000: You have an error in your SQL syntax; check the manual that corresponds to your MySQL server version for the right syntax to use near ''string' ONLY' at line 1
SELECT * FROM t2 ORDER BY a FETCH FIRST 4+3 ONLY;
ERROR 42000: You have an error in your SQL syntax; check the manual that corresponds to your MySQL server version for the right syntax to use near '+3 ONLY' at line 1
SELECT * FROM t2 ORDER BY a FETCH FIRST round(2.1, 0) ONLY;
ERROR 42000: You have an error in your SQL syntax; check the manual that corresponds to your MySQL server version for the right syntax to use near '(2.1, 0) ONLY' at line 1
set @row_count=1;
select @row_count;
@row_count
1
SELECT * FROM t2 ORDER BY a FETCH FIRST @row_count ROWS ONLY;
ERROR 42000: You have an error in your SQL syntax; check the manual that corresponds to your MySQL server version for the right syntax to use near '@row_count ROWS ONLY' at line 1
SELECT * FROM t2 ORDER BY a FETCH FIRST 1 ROW ONLY;
a	b	c
1	1	1xxxx
SELECT * FROM t2 ORDER BY a FETCH FIRST 2 ROWS ONLY;
a	b	c
1	1	1xxxx
2	2	2xxxx
SELECT * FROM t2 ORDER BY a FETCH NEXT 3 ROW ONLY;
a	b	c
1	1	1xxxx
2	2	2xxxx
3	3	3xxxx
SELECT * FROM t2 ORDER BY a FETCH NEXT 4 ROWS ONLY;
a	b	c
1	1	1xxxx
2	2	2xxxx
3	3	3xxxx
4	4	4xxxx
SELECT * FROM t2 ORDER BY a FETCH NEXT 0 ROWS ONLY;
a	b	c
SELECT * FROM t2 ORDER BY a FETCH NEXT ROWS ONLY;
a	b	c
1	1	1xxxx
SELECT * FROM t2 ORDER BY a FETCH NEXT 8 ROWS ONLY;
a	b	c
1	1	1xxxx
2	2	2xxxx
3	3	3xxxx
4	4	4xxxx
5	5	5xxxx
6	6	6xxxx
7	7	7xxxx
8	8	8xxxx
SELECT * FROM t2 ORDER BY a FETCH NEXT 10 ROWS ONLY;
a	b	c
1	1	1xxxx
2	2	2xxxx
3	3	3xxxx
4	4	4xxxx
5	5	5xxxx
6	6	6xxxx
7	7	7xxxx
8	8	8xxxx
SELECT * FROM t2 ORDER BY a FETCH NEXT 18446744073709551615 ROWS ONLY;
a	b	c
1	1	1xxxx
2	2	2xxxx
3	3	3xxxx
4	4	4xxxx
5	5	5xxxx
6	6	6xxxx
7	7	7xxxx
8	8	8xxxx
SELECT * FROM t2 ORDER BY a FETCH NEXT 18446744073709551616 ROWS ONLY;
ERROR 42000: You have an error in your SQL syntax; check the manual that corresponds to your MySQL server version for the right syntax to use near '18446744073709551616 ROWS ONLY' at line 1
PREPARE stmt1 FROM 'SELECT * FROM t2 ORDER BY a FETCH FIRST ? ROW ONLY';
SET @a = 3;
EXECUTE stmt1 USING @a;
a	b	c
1	1	1xxxx
2	2	2xxxx
3	3	3xxxx
DROP PROCEDURE IF EXISTS bbb;
Warnings:
Note	1305	PROCEDURE test_db.bbb does not exist
CREATE PROCEDURE bbb(IN row_count INTEGER)
BEGIN
DECLARE a INTEGER DEFAULT 0 ;
DECLARE b INTEGER DEFAULT 0 ;
DECLARE c varchar(30);
DECLARE cur CURSOR FOR SELECT * FROM t2 FETCH FIRST row_count ROWS ONLY;
OPEN cur;
FETCH cur INTO a, b, c;
SELECT a, b, c;
CLOSE cur;
END $$
CALL bbb(1);
a	b	c
1	1	1xxxx
DROP PROCEDURE bbb;
DROP FUNCTION IF EXISTS ddd;
Warnings:
Note	1305	FUNCTION test_db.ddd does not exist
CREATE FUNCTION ddd(row_count INTEGER) RETURNS INTEGER
BEGIN
RETURN (SELECT a FROM t2 FETCH FIRST row_count ROWS ONLY);
END $$
SELECT ddd(1);
ddd(1)
1
DROP FUNCTION ddd;
(SELECT * FROM t2 FETCH FIRST 2 ROWS ONLY);
a	b	c
1	1	1xxxx
2	2	2xxxx
(SELECT * FROM t2 FETCH FIRST 2 ROWS ONLY) FETCH FIRST 1 ROWS ONLY;
a	b	c
1	1	1xxxx
(SELECT * FROM t2 FETCH FIRST 2 ROWS ONLY) UNION DISTINCT
(SELECT * FROM t1 FETCH FIRST 2 ROWS ONLY);
a	b	c
1	1	1xxxx
2	2	2xxxx
(SELECT * FROM t2 FETCH FIRST 2 ROWS ONLY) UNION DISTINCT
(SELECT * FROM t1 FETCH FIRST 2 ROWS ONLY) FETCH FIRST 2 ROWS ONLY;
a	b	c
1	1	1xxxx
2	2	2xxxx
(SELECT * FROM t2 FETCH FIRST 2 ROWS ONLY) UNION ALL
(SELECT * FROM t1 FETCH FIRST 2 ROWS ONLY);
a	b	c
1	1	1xxxx
2	2	2xxxx
1	1	1xxxx
2	2	2xxxx
(SELECT * FROM t2 FETCH FIRST 2 ROWS ONLY) UNION ALL
(SELECT * FROM t1 FETCH FIRST 2 ROWS ONLY) FETCH FIRST 2 ROWS ONLY;
a	b	c
1	1	1xxxx
2	2	2xxxx
WITH tmp AS (SELECT * FROM t2 FETCH FIRST 2 ROWS ONLY)
SELECT * FROM tmp;
a	b	c
1	1	1xxxx
2	2	2xxxx
CREATE DATABASE IF NOT EXISTS test_db;
Warnings:
Note	1007	Can't create database 'test_db'; database exists
SHOW WARNINGS FETCH FIRST 1 ROWS ONLY;
ERROR 42000: You have an error in your SQL syntax; check the manual that corresponds to your MySQL server version for the right syntax to use near 'FETCH FIRST 1 ROWS ONLY' at line 1
SHOW WARNINGS FETCH FIRST 2 ROWS ONLY;
ERROR 42000: You have an error in your SQL syntax; check the manual that corresponds to your MySQL server version for the right syntax to use near 'FETCH FIRST 2 ROWS ONLY' at line 1
CREATE databases syntax_error;
ERROR 42000: You have an error in your SQL syntax; check the manual that corresponds to your MySQL server version for the right syntax to use near 'databases syntax_error' at line 1
SHOW ERRORS FETCH FIRST 1 ROWS ONLY;
ERROR 42000: You have an error in your SQL syntax; check the manual that corresponds to your MySQL server version for the right syntax to use near 'FETCH FIRST 1 ROWS ONLY' at line 1
SHOW ERRORS FETCH FIRST 2 ROWS ONLY;
ERROR 42000: You have an error in your SQL syntax; check the manual that corresponds to your MySQL server version for the right syntax to use near 'FETCH FIRST 2 ROWS ONLY' at line 1
HANDLER test_db.t2 OPEN;
HANDLER t2 READ FIRST LIMIT 3;
a	b	c
1	1	1xxxx
2	2	2xxxx
3	3	3xxxx
HANDLER t2 READ FIRST FETCH FIRST 3 ROWS ONLY;
ERROR 42000: You have an error in your SQL syntax; check the manual that corresponds to your MySQL server version for the right syntax to use near 'FETCH FIRST 3 ROWS ONLY' at line 1
HANDLER t2 CLOSE;
UPDATE t2 SET b=33 FETCH FIRST 3 ROWS ONLY;
ERROR 42000: You have an error in your SQL syntax; check the manual that corresponds to your MySQL server version for the right syntax to use near 'FETCH FIRST 3 ROWS ONLY' at line 1
DELETE FROM t2 WHERE b=33 FETCH FIRST 3 ROWS ONLY;
ERROR 42000: You have an error in your SQL syntax; check the manual that corresponds to your MySQL server version for the right syntax to use near 'FETCH FIRST 3 ROWS ONLY' at line 1
DROP DATABASE IF EXISTS test_db;
