include/master-slave.inc
Warnings:
Note	####	Sending passwords in plain text without SSL/TLS is extremely insecure.
Note	####	Storing MySQL user name or password information in the master info repository is not secure and is therefore not recommended. Please consider using the USER and PASSWORD connection options for START SLAVE; see the 'START SLAVE Syntax' in the MySQL Manual for more information.
[connection master]
drop database if exists insert_all_into_values_test;
Warnings:
Note	1008	Can't drop database 'insert_all_into_values_test'; database doesn't exist
create database insert_all_into_values_test;
create table insert_all_into_values_test.t1(id int primary key, name varchar(25));
create table insert_all_into_values_test.t2(id int primary key, name varchar(25));
create table insert_all_into_values_test.t3(id int primary key, name varchar(25));
---------------------------------------------------------------
## Test insert all into values for oracle compatibility
---------------------------------------------------------------
---------------------------------------------------------------
## Test_1: test insert all into 3 tables
---------------------------------------------------------------
insert all into insert_all_into_values_test.t1 values(1,'xx') 
into insert_all_into_values_test.t2(id,name) values(2,'xx') 
into insert_all_into_values_test.t3(id) values(3) 
select * from dual;
select * from insert_all_into_values_test.t1;
id	name
1	xx
select * from insert_all_into_values_test.t2;
id	name
2	xx
select * from insert_all_into_values_test.t3;
id	name
3	NULL
include/start_slave.inc
Warnings:
Note	3083	Replication thread(s) for channel '' are already runnning.
include/wait_for_slave_to_start.inc
## slave data:
select * from insert_all_into_values_test.t1;
id	name
1	xx
select * from insert_all_into_values_test.t2;
id	name
2	xx
select * from insert_all_into_values_test.t3;
id	name
3	NULL
include/stop_slave.inc
include/wait_for_slave_to_stop.inc
---------------------------------------------------------------
## Test_2: test insert all into 3 tables, multi values
---------------------------------------------------------------
truncate table insert_all_into_values_test.t1;
truncate table insert_all_into_values_test.t2;
truncate table insert_all_into_values_test.t3;
insert all into insert_all_into_values_test.t1 values(1,'xx'),(2,'xx')
into insert_all_into_values_test.t2 values(1,'xx'),(2,'xx')
into insert_all_into_values_test.t3 values(1,'xx'),(2,'xx')
select * from dual;
explain insert all into insert_all_into_values_test.t1 values(1,'xx'),(2,'xx')
into insert_all_into_values_test.t2 values(1,'xx'),(2,'xx')
into insert_all_into_values_test.t3 values(1,'xx'),(2,'xx')
select * from dual;
id	select_type	table	partitions	type	possible_keys	key	key_len	ref	rows	filtered	Extra
1	INSERT	t1	NULL	ALL	NULL	NULL	NULL	NULL	NULL	NULL	NULL
1	INSERT	t2	NULL	ALL	NULL	NULL	NULL	NULL	NULL	NULL	NULL
1	INSERT	t3	NULL	ALL	NULL	NULL	NULL	NULL	NULL	NULL	NULL
Warnings:
Note	1003	insert all into `insert_all_into_values_test`.`t1` values (1,'xx'),(2,'xx') into `insert_all_into_values_test`.`t2` values (1,'xx'),(2,'xx') into `insert_all_into_values_test`.`t3` values (1,'xx'),(2,'xx') select * from dual
explain insert into insert_all_into_values_test.t1 values(1,'xx'),(2,'xx');
id	select_type	table	partitions	type	possible_keys	key	key_len	ref	rows	filtered	Extra
1	INSERT	t1	NULL	ALL	NULL	NULL	NULL	NULL	NULL	NULL	NULL
Warnings:
Note	1003	insert into `insert_all_into_values_test`.`t1` values (1,'xx'),(2,'xx')
select * from insert_all_into_values_test.t1;
id	name
1	xx
2	xx
select * from insert_all_into_values_test.t2;
id	name
1	xx
2	xx
select * from insert_all_into_values_test.t3;
id	name
1	xx
2	xx
---------------------------------------------------------------
## Test_3: test insert all into values select 1 from dual
---------------------------------------------------------------
truncate table insert_all_into_values_test.t1;
truncate table insert_all_into_values_test.t2;
truncate table insert_all_into_values_test.t3;
insert all into insert_all_into_values_test.t1 values(1,'xx'),(2,'xx')
into insert_all_into_values_test.t2 values(1,'xx'),(2,'xx')
into insert_all_into_values_test.t3 values(1,'xx'),(2,'xx')
select 1 from dual;
explain insert all into insert_all_into_values_test.t1 values(1,'xx'),(2,'xx')
into insert_all_into_values_test.t2 values(1,'xx'),(2,'xx')
into insert_all_into_values_test.t3 values(1,'xx'),(2,'xx')
select 1 from dual;
id	select_type	table	partitions	type	possible_keys	key	key_len	ref	rows	filtered	Extra
1	INSERT	t1	NULL	ALL	NULL	NULL	NULL	NULL	NULL	NULL	NULL
1	INSERT	t2	NULL	ALL	NULL	NULL	NULL	NULL	NULL	NULL	NULL
1	INSERT	t3	NULL	ALL	NULL	NULL	NULL	NULL	NULL	NULL	NULL
Warnings:
Note	1003	insert all into `insert_all_into_values_test`.`t1` values (1,'xx'),(2,'xx') into `insert_all_into_values_test`.`t2` values (1,'xx'),(2,'xx') into `insert_all_into_values_test`.`t3` values (1,'xx'),(2,'xx') select * from dual
select * from insert_all_into_values_test.t1;
id	name
1	xx
2	xx
select * from insert_all_into_values_test.t2;
id	name
1	xx
2	xx
select * from insert_all_into_values_test.t3;
id	name
1	xx
2	xx
---------------------------------------------------------------
## Test_4: test insert all into values select * from t1, not from dual
---------------------------------------------------------------
truncate table insert_all_into_values_test.t1;
truncate table insert_all_into_values_test.t2;
truncate table insert_all_into_values_test.t3;
insert into insert_all_into_values_test.t1 values(3,'xx');
insert all into insert_all_into_values_test.t2 values(1,'xx'),(2,'xx')
into insert_all_into_values_test.t3 values(1,'xx'),(2,'xx')
select * from t1;
ERROR 42000: You have an error in your SQL syntax; check the manual that corresponds to your MySQL server version for the right syntax to use near 't1' at line 3
explain insert all into insert_all_into_values_test.t2 values(1,'xx'),(2,'xx')
into insert_all_into_values_test.t3 values(1,'xx'),(2,'xx')
select * from t1;
ERROR 42000: You have an error in your SQL syntax; check the manual that corresponds to your MySQL server version for the right syntax to use near 't1' at line 3
select * from insert_all_into_values_test.t1;
id	name
3	xx
select * from insert_all_into_values_test.t2;
id	name
select * from insert_all_into_values_test.t3;
id	name
---------------------------------------------------------------
## Test_5: test insert all into values, multi select
---------------------------------------------------------------
truncate table insert_all_into_values_test.t1;
truncate table insert_all_into_values_test.t2;
truncate table insert_all_into_values_test.t3;
insert into insert_all_into_values_test.t1 values(3,'xx');
insert all into insert_all_into_values_test.t2 values(1,'xx'),(2,'xx') select * from dual
into insert_all_into_values_test.t3 values(1,'xx'),(2,'xx') select * from dual;
ERROR 42000: You have an error in your SQL syntax; check the manual that corresponds to your MySQL server version for the right syntax to use near 'into insert_all_into_values_test.t3 values(1,'xx'),(2,'xx') select * from dual' at line 2
explain insert all into insert_all_into_values_test.t2 values(1,'xx'),(2,'xx') select * from dual
into insert_all_into_values_test.t3 values(1,'xx'),(2,'xx') select * from dual;
ERROR 42000: You have an error in your SQL syntax; check the manual that corresponds to your MySQL server version for the right syntax to use near 'into insert_all_into_values_test.t3 values(1,'xx'),(2,'xx') select * from dual' at line 2
select * from insert_all_into_values_test.t1;
id	name
3	xx
select * from insert_all_into_values_test.t2;
id	name
select * from insert_all_into_values_test.t3;
id	name
---------------------------------------------------------------
## Test_6: test insert all into view
---------------------------------------------------------------
truncate table insert_all_into_values_test.t1;
truncate table insert_all_into_values_test.t2;
truncate table insert_all_into_values_test.t3;
insert into insert_all_into_values_test.t1 values(3,'xx');
create view insert_all_into_values_test.view_t1 as select * from insert_all_into_values_test.t1;
insert all into insert_all_into_values_test.view_t1 values(1,'xx'),(2,'xx')
into insert_all_into_values_test.t3 values(1,'xx'),(2,'xx')
select * from dual;
ERROR HY000: Target table cannot be insert, because it is a VIEW.
explain insert all into insert_all_into_values_test.view_t1 values(1,'xx'),(2,'xx')
into insert_all_into_values_test.t3 values(1,'xx'),(2,'xx')
select * from dual;
ERROR HY000: Target table cannot be insert, because it is a VIEW.
insert all into insert_all_into_values_test.t3 values(1,'xx'),(2,'xx')
into insert_all_into_values_test.view_t1 values(1,'xx'),(2,'xx')
select * from dual;
ERROR HY000: Target table cannot be insert, because it is a VIEW.
explain insert all into insert_all_into_values_test.t3 values(1,'xx'),(2,'xx')
into insert_all_into_values_test.view_t1 values(1,'xx'),(2,'xx')
select * from dual;
ERROR HY000: Target table cannot be insert, because it is a VIEW.
select * from insert_all_into_values_test.t1;
id	name
3	xx
select * from insert_all_into_values_test.t2;
id	name
select * from insert_all_into_values_test.t3;
id	name
select * from insert_all_into_values_test.view_t1;
id	name
3	xx
---------------------------------------------------------------
## Test_7: test insert all into empty values
---------------------------------------------------------------
truncate table insert_all_into_values_test.t1;
truncate table insert_all_into_values_test.t2;
truncate table insert_all_into_values_test.t3;
insert all into insert_all_into_values_test.t1 values(1,'xx'),(2,'xx')
into insert_all_into_values_test.t3 values()
select * from dual;
ERROR HY000: Field 'id' doesn't have a default value
explain insert all into insert_all_into_values_test.t1 values(1,'xx'),(2,'xx')
into insert_all_into_values_test.t3 values()
select * from dual;
id	select_type	table	partitions	type	possible_keys	key	key_len	ref	rows	filtered	Extra
1	INSERT	t1	NULL	ALL	NULL	NULL	NULL	NULL	NULL	NULL	NULL
1	INSERT	t3	NULL	ALL	NULL	NULL	NULL	NULL	NULL	NULL	NULL
Warnings:
Note	1003	insert all into `insert_all_into_values_test`.`t1` values (1,'xx'),(2,'xx') into `insert_all_into_values_test`.`t3` values () select * from dual
select * from insert_all_into_values_test.t1;
id	name
select * from insert_all_into_values_test.t2;
id	name
select * from insert_all_into_values_test.t3;
id	name
---------------------------------------------------------------
## Test_8: test insert all into same values, part of columns, primary key auto increment
---------------------------------------------------------------
create table insert_all_into_values_test.t4(id int primary key auto_increment, name varchar(25), address varchar(25));
create table insert_all_into_values_test.t5(id int primary key auto_increment, name varchar(25), address varchar(25));
create table insert_all_into_values_test.t6(id int primary key auto_increment, name varchar(25), address varchar(25));
insert all into insert_all_into_values_test.t4(id, name) values(1,'xx'),(2,'xx')
into insert_all_into_values_test.t5(id, address) values(2, 'place')
into insert_all_into_values_test.t6 values(1,'haha','street')
into insert_all_into_values_test.t6(name, address) values('haha','street')
select * from dual;
explain insert all into insert_all_into_values_test.t4(id, name) values(1,'xx'),(2,'xx')
into insert_all_into_values_test.t5(id, address) values(2, 'place')
into insert_all_into_values_test.t6 values(1,'haha','street')
into insert_all_into_values_test.t6(name, address) values('haha','street')
select * from dual;
id	select_type	table	partitions	type	possible_keys	key	key_len	ref	rows	filtered	Extra
1	INSERT	t4	NULL	ALL	NULL	NULL	NULL	NULL	NULL	NULL	NULL
1	INSERT	t5	NULL	ALL	NULL	NULL	NULL	NULL	NULL	NULL	NULL
1	INSERT	t6	NULL	ALL	NULL	NULL	NULL	NULL	NULL	NULL	NULL
1	INSERT	t6	NULL	ALL	NULL	NULL	NULL	NULL	NULL	NULL	NULL
Warnings:
Note	1003	insert all into `insert_all_into_values_test`.`t4` (`insert_all_into_values_test`.`t4`.`id`,`insert_all_into_values_test`.`t4`.`name`) values (1,'xx'),(2,'xx') into `insert_all_into_values_test`.`t5` (`insert_all_into_values_test`.`t5`.`id`,`insert_all_into_values_test`.`t5`.`address`) values (2,'place') into `insert_all_into_values_test`.`t6` values (1,'haha','street') into `insert_all_into_values_test`.`t6` (`insert_all_into_values_test`.`t6`.`name`,`insert_all_into_values_test`.`t6`.`address`) values ('haha','street') select * from dual
select * from insert_all_into_values_test.t4;
id	name	address
1	xx	NULL
2	xx	NULL
select * from insert_all_into_values_test.t5;
id	name	address
2	NULL	place
select * from insert_all_into_values_test.t6;
id	name	address
1	haha	street
2	haha	street
---------------------------------------------------------------
## Test_9: test insert all into tables,test if case sensitive
---------------------------------------------------------------
truncate table insert_all_into_values_test.t4;
truncate table insert_all_into_values_test.t5;
truncate table insert_all_into_values_test.t6;
insert all into INSERT_ALL_INTO_VALUES_TEST.T4(id,name) values(1,'xx'),(2,'xx') 
into insert_all_into_values_test.T5(id, address) values(3, 'place') 
into INSERT_ALL_INTO_VALUES_TEST.t6(name, address) values('haha','street') 
select * from dual;
ERROR 42000: Unknown database 'INSERT_ALL_INTO_VALUES_TEST'
select * from insert_all_into_values_test.t4;
id	name	address
select * from insert_all_into_values_test.t5;
id	name	address
select * from insert_all_into_values_test.t6;
id	name	address
---------------------------------------------------------------
## Test_10: test insert all into tables,same table name,different db name
---------------------------------------------------------------
truncate table insert_all_into_values_test.t1;
truncate table insert_all_into_values_test.t2;
truncate table insert_all_into_values_test.t3;
create database insert_all_into_values_test1;
create table insert_all_into_values_test1.t1(id int primary key auto_increment, name varchar(25));
create table insert_all_into_values_test1.t2(id int primary key auto_increment, name varchar(25));
create table insert_all_into_values_test1.t3(id int primary key auto_increment, name varchar(25));
insert all into insert_all_into_values_test.t1(id, name) values(1,'xx'),(2,'xx')
into insert_all_into_values_test1.t1(id, name) values(1,'xx'),(2,'xx')
into insert_all_into_values_test.t2(id) values(3),(4)
into insert_all_into_values_test1.t2(id) values(3),(4)
into insert_all_into_values_test.t3 values(5,'xx'),(6,'xx')
into insert_all_into_values_test1.t3 values(5,'xx'),(6,'xx')
select * from dual;
select * from insert_all_into_values_test.t1;
id	name
1	xx
2	xx
select * from insert_all_into_values_test.t2;
id	name
3	NULL
4	NULL
select * from insert_all_into_values_test.t3;
id	name
5	xx
6	xx
select * from insert_all_into_values_test1.t1;
id	name
1	xx
2	xx
select * from insert_all_into_values_test1.t2;
id	name
3	NULL
4	NULL
select * from insert_all_into_values_test1.t3;
id	name
5	xx
6	xx
drop database insert_all_into_values_test1;
---------------------------------------------------------------
## Test_11: test insert all into tables,in 'use db' stmt
---------------------------------------------------------------
truncate table insert_all_into_values_test.t1;
truncate table insert_all_into_values_test.t2;
truncate table insert_all_into_values_test.t3;
create database insert_all_into_values_test1;
create table insert_all_into_values_test1.t1(id int primary key auto_increment, name varchar(25));
create table insert_all_into_values_test1.t2(id int primary key auto_increment, name varchar(25));
create table insert_all_into_values_test1.t3(id int primary key auto_increment, name varchar(25));
use insert_all_into_values_test;
insert all into insert_all_into_values_test.t1(id, name) values(1,'xx'),(2,'xx')
into t1(id, name) values(3,'xx'),(4,'xx')
into insert_all_into_values_test1.t1(id) values(1),(2)
select * from dual;
select * from insert_all_into_values_test.t1;
id	name
1	xx
2	xx
3	xx
4	xx
select * from insert_all_into_values_test1.t1;
id	name
1	NULL
2	NULL
drop database insert_all_into_values_test1;
---------------------------------------------------------------
## Test_12: test insert all into tables,all type
---------------------------------------------------------------
create table insert_all_into_values_test.t7(
id       int       primary key auto_increment,
tinyid   tinyint,
smallid  smallint,
medid    mediumint,
bigid    bigint,
floid    float,
douid    double,
deid     decimal(3,2),
dateid   date,
timeid   time,
yearid   year,
dtid     datetime,
tsid     timestamp,
name     varchar(25),
name1    char(10),
tbname   tinyblob,
txname   tinytext,
bname    blob,
tname    text,
mbname   mediumblob,
mtname   mediumtext,
lbname   longblob,
ltname   longtext,
a        SET('A','B','C'),
b        ENUM('F','M')
);
insert all into insert_all_into_values_test.t7 values(1, 2, 3, 4, 5, 5.61, 5.554, 6.987, '2020-06-01', '18:18:16', 2020, '2020-06-01 00:00:00', '2020-06-01 00:00:00', 'ss', 'ss', 'xx', 'xx', 'ss', 'ss', 'xx', 'xx', 's', 'x', 'A', 'M')
into insert_all_into_values_test.t7 values(2, 2, 3, 4, 5, 5.61, 5.554, 6.987, '2020-06-01', '18:18:16', 2020, '2020-06-01 00:00:00', '2020-06-01 00:00:00', 'ss', 'ss', 'xx', 'xx', 'ss', 'ss', 'xx', 'xx', 's', 'x', 'B', 'F')
select * from dual;
Warnings:
Note	1265	Data truncated for column 'deid' at row 1
Note	1265	Data truncated for column 'deid' at row 2
select * from insert_all_into_values_test.t7;
id	tinyid	smallid	medid	bigid	floid	douid	deid	dateid	timeid	yearid	dtid	tsid	name	name1	tbname	txname	bname	tname	mbname	mtname	lbname	ltname	a	b
1	2	3	4	5	5.61	5.554	6.99	2020-06-01	18:18:16	2020	2020-06-01 00:00:00	2020-06-01 00:00:00	ss	ss	xx	xx	ss	ss	xx	xx	s	x	A	M
2	2	3	4	5	5.61	5.554	6.99	2020-06-01	18:18:16	2020	2020-06-01 00:00:00	2020-06-01 00:00:00	ss	ss	xx	xx	ss	ss	xx	xx	s	x	B	F
---------------------------------------------------------------
## Test_13: test insert all into tables,in transaction
---------------------------------------------------------------
truncate table insert_all_into_values_test.t1;
truncate table insert_all_into_values_test.t2;
truncate table insert_all_into_values_test.t3;
begin;
insert all into insert_all_into_values_test.t1(id, name) values(1,'xx'),(2,'xx')
into insert_all_into_values_test.t2(id) values(1),(2)
select * from dual;
commit;
select * from insert_all_into_values_test.t1;
id	name
1	xx
2	xx
select * from insert_all_into_values_test.t2;
id	name
1	NULL
2	NULL
---------------------------------------------------------------
## Test_14: test insert all into tables,in transaction,ddl end
---------------------------------------------------------------
truncate table insert_all_into_values_test.t1;
truncate table insert_all_into_values_test.t2;
begin;
insert all into insert_all_into_values_test.t1(id, name) values(1,'xx'),(2,'xx')
into insert_all_into_values_test.t2(id) values(1),(2)
select * from dual;
drop table insert_all_into_values_test.t6;
select * from insert_all_into_values_test.t1;
id	name
1	xx
2	xx
select * from insert_all_into_values_test.t2;
id	name
1	NULL
2	NULL
---------------------------------------------------------------
## Test_15: test insert all into tables,transaction rollback
---------------------------------------------------------------
truncate table insert_all_into_values_test.t1;
truncate table insert_all_into_values_test.t2;
begin;
insert all into insert_all_into_values_test.t1(id, name) values(1,'xx'),(2,'xx')
into insert_all_into_values_test.t2(id) values(1),(2)
select * from dual;
rollback;
select * from insert_all_into_values_test.t1;
id	name
select * from insert_all_into_values_test.t2;
id	name
---------------------------------------------------------------
## Test_16: test insert all into tables,different fields num and values num
---------------------------------------------------------------
create table insert_all_into_values_test.t6(id int primary key auto_increment, name varchar(25), address varchar(25) default 'place', phone_num bigint default 0, score double not null);
insert all into insert_all_into_values_test.t6(id, name, score) values(1,'xx', 0.05),(2,'xx', 0.01)
into insert_all_into_values_test.t6(id, score) values(3, 50.55),(4, 34.23)
into insert_all_into_values_test.t6(address, score) values(1, 50.55),(2, 34.23)
select * from dual;
explain insert all into insert_all_into_values_test.t6(id, name, score) values(1,'xx', 0.05),(2,'xx', 0.01)
into insert_all_into_values_test.t6(id, score) values(3, 50.55),(4, 34.23)
into insert_all_into_values_test.t6(address, score) values(1, 50.55),(2, 34.23)
select * from dual;
id	select_type	table	partitions	type	possible_keys	key	key_len	ref	rows	filtered	Extra
1	INSERT	t6	NULL	ALL	NULL	NULL	NULL	NULL	NULL	NULL	NULL
1	INSERT	t6	NULL	ALL	NULL	NULL	NULL	NULL	NULL	NULL	NULL
1	INSERT	t6	NULL	ALL	NULL	NULL	NULL	NULL	NULL	NULL	NULL
Warnings:
Note	1003	insert all into `insert_all_into_values_test`.`t6` (`insert_all_into_values_test`.`t6`.`id`,`insert_all_into_values_test`.`t6`.`name`,`insert_all_into_values_test`.`t6`.`score`) values (1,'xx',0.05),(2,'xx',0.01) into `insert_all_into_values_test`.`t6` (`insert_all_into_values_test`.`t6`.`id`,`insert_all_into_values_test`.`t6`.`score`) values (3,50.55),(4,34.23) into `insert_all_into_values_test`.`t6` (`insert_all_into_values_test`.`t6`.`address`,`insert_all_into_values_test`.`t6`.`score`) values (1,50.55),(2,34.23) select * from dual
select * from insert_all_into_values_test.t6;
id	name	address	phone_num	score
1	xx	place	0	0.05
2	xx	place	0	0.01
3	NULL	place	0	50.55
4	NULL	place	0	34.23
5	NULL	1	0	50.55
6	NULL	2	0	34.23
---------------------------------------------------------------
## Test_17: abnormal test,table not exist
---------------------------------------------------------------
truncate table insert_all_into_values_test.t1;
truncate table insert_all_into_values_test.t2;
insert all into insert_all_into_values_test.t8(id, name, score) values(1,'xx', 0.05),(2,'xx', 0.01)
into insert_all_into_values_test.t1(id, name) values(1, 'nn'),(2, 'yy')
into insert_all_into_values_test.t2(id, name) values(1, '50.55'),(2, '34.23')
select * from dual;
ERROR 42S02: Table 'insert_all_into_values_test.t8' doesn't exist
insert all into insert_all_into_values_test.t1(id, name, score) values(1,'xx', 0.05),(2,'xx', 0.01)
into insert_all_into_values_test.t8(id, name) values(1, 'nn'),(2, 'yy')
into insert_all_into_values_test.t2(id, name) values(1, '50.55'),(2, '34.23')
select * from dual;
ERROR 42S02: Table 'insert_all_into_values_test.t8' doesn't exist
insert all into insert_all_into_values_test.t1(id, name, score) values(1,'xx', 0.05),(2,'xx', 0.01)
into insert_all_into_values_test.t2(id, name) values(1, 'nn'),(2, 'yy')
into insert_all_into_values_test.t8(id, name) values(1, '50.55'),(2, '34.23')
select * from dual;
ERROR 42S02: Table 'insert_all_into_values_test.t8' doesn't exist
explain insert all into insert_all_into_values_test.t1(id, name, score) values(1,'xx', 0.05),(2,'xx', 0.01)
into insert_all_into_values_test.t2(id, name) values(1, 'nn'),(2, 'yy')
into insert_all_into_values_test.t8(id, name) values(1, '50.55'),(2, '34.23')
select * from dual;
ERROR 42S02: Table 'insert_all_into_values_test.t8' doesn't exist
select * from insert_all_into_values_test.t1;
id	name
select * from insert_all_into_values_test.t2;
id	name
---------------------------------------------------------------
## Test_18: abnormal test,primary key conflict
---------------------------------------------------------------
truncate table insert_all_into_values_test.t1;
truncate table insert_all_into_values_test.t2;
insert all into insert_all_into_values_test.t6(id, name, score) values(1,'xx', 0.05),(2,'xx', 0.01)
into insert_all_into_values_test.t1(id, name) values(1, 'nn'),(2, 'yy')
into insert_all_into_values_test.t2(id, name) values(1, '50.55'),(2, '34.23')
select * from dual;
ERROR 23000: Duplicate entry '1' for key 'PRIMARY'
insert all into insert_all_into_values_test.t1(id, name) values(1,'xx'),(2,'xx')
into insert_all_into_values_test.t6(id, name, score) values(1, 'nn', '0.05'),(2, 'yy', '0.01')
into insert_all_into_values_test.t2(id, name) values(1, '50.55'),(2, '34.23')
select * from dual;
ERROR 23000: Duplicate entry '1' for key 'PRIMARY'
insert all into insert_all_into_values_test.t1(id, name) values(1,'xx'),(2,'xx')
into insert_all_into_values_test.t2(id, name) values(1, 'nn'),(2, 'yy')
into insert_all_into_values_test.t6(id, name, score) values(1, '50.55', '1.11'),(2, '34.23', '0.01')
select * from dual;
ERROR 23000: Duplicate entry '1' for key 'PRIMARY'
explain insert all into insert_all_into_values_test.t1(id, name) values(1,'xx'),(2,'xx')
into insert_all_into_values_test.t2(id, name) values(1, 'nn'),(2, 'yy')
into insert_all_into_values_test.t6(id, name, score) values(1, '50.55', '1.11'),(2, '34.23', '0.01')
select * from dual;
id	select_type	table	partitions	type	possible_keys	key	key_len	ref	rows	filtered	Extra
1	INSERT	t1	NULL	ALL	NULL	NULL	NULL	NULL	NULL	NULL	NULL
1	INSERT	t2	NULL	ALL	NULL	NULL	NULL	NULL	NULL	NULL	NULL
1	INSERT	t6	NULL	ALL	NULL	NULL	NULL	NULL	NULL	NULL	NULL
Warnings:
Note	1003	insert all into `insert_all_into_values_test`.`t1` (`insert_all_into_values_test`.`t1`.`id`,`insert_all_into_values_test`.`t1`.`name`) values (1,'xx'),(2,'xx') into `insert_all_into_values_test`.`t2` (`insert_all_into_values_test`.`t2`.`id`,`insert_all_into_values_test`.`t2`.`name`) values (1,'nn'),(2,'yy') into `insert_all_into_values_test`.`t6` (`insert_all_into_values_test`.`t6`.`id`,`insert_all_into_values_test`.`t6`.`name`,`insert_all_into_values_test`.`t6`.`score`) values (1,'50.55','1.11'),(2,'34.23','0.01') select * from dual
select * from insert_all_into_values_test.t1;
id	name
select * from insert_all_into_values_test.t2;
id	name
select * from insert_all_into_values_test.t6;
id	name	address	phone_num	score
1	xx	place	0	0.05
2	xx	place	0	0.01
3	NULL	place	0	50.55
4	NULL	place	0	34.23
5	NULL	1	0	50.55
6	NULL	2	0	34.23
---------------------------------------------------------------
## Test_19: abnormal test,fields num not match values num
---------------------------------------------------------------
truncate table insert_all_into_values_test.t1;
truncate table insert_all_into_values_test.t2;
truncate table insert_all_into_values_test.t6;
insert all into insert_all_into_values_test.t6(id, name, score) values(1,'xx'),(2,'xx', 0.01)
into insert_all_into_values_test.t1(id, name) values(1, 'nn'),(2, 'yy')
into insert_all_into_values_test.t2(id, name) values(1, '50.55'),(2, '34.23')
select * from dual;
ERROR 21S01: Column count doesn't match value count at row 1
insert all into insert_all_into_values_test.t1(id, name) values(1,'xx'),(2,'xx')
into insert_all_into_values_test.t6(id, name) values(1, 'nn'),(2)
into insert_all_into_values_test.t2(id, name) values(1, '50.55'),(2, '34.23')
select * from dual;
ERROR 21S01: Column count doesn't match value count at row 2
insert all into insert_all_into_values_test.t1(id, name) values(1,'xx'),(2,'xx')
into insert_all_into_values_test.t2(id, name) values(1, 'nn'),(2, 'yy')
into insert_all_into_values_test.t6(id, name) values(1),(2)
select * from dual;
ERROR 21S01: Column count doesn't match value count at row 1
explain insert all into insert_all_into_values_test.t1(id, name) values(1,'xx'),(2,'xx')
into insert_all_into_values_test.t2(id, name) values(1, 'nn'),(2, 'yy')
into insert_all_into_values_test.t6(id, name) values(1),(2)
select * from dual;
ERROR 21S01: Column count doesn't match value count at row 1
select * from insert_all_into_values_test.t1;
id	name
select * from insert_all_into_values_test.t2;
id	name
select * from insert_all_into_values_test.t6;
id	name	address	phone_num	score
---------------------------------------------------------------
## Test_20: abnormal test,insert all on duplicate key
---------------------------------------------------------------
truncate table insert_all_into_values_test.t1;
insert all into insert_all_into_values_test.t1(id, name) values(1,'xx'),(2,'xx') 
on duplicate key update id=(select id from insert_all_into_values_test.t1)
select * from dual;
ERROR 42000: You have an error in your SQL syntax; check the manual that corresponds to your MySQL server version for the right syntax to use near 'on duplicate key update id=(select id from insert_all_into_values_test.t1)
selec' at line 2
select * from insert_all_into_values_test.t1;
id	name
---------------------------------------------------------------
## Test_21: test select insert_all_into_values_test.t1 from dual
---------------------------------------------------------------
truncate table insert_all_into_values_test.t1;
truncate table insert_all_into_values_test.t2;
truncate table insert_all_into_values_test.t3;
insert into insert_all_into_values_test.t1 values(1,'s');
insert all into insert_all_into_values_test.t2(id, name) values(1,'xx'),(2,'xx')
into insert_all_into_values_test.t3(id, name) values(1,'xx'),(2,'xx')
select insert_all_into_values_test.t1 from dual;
select * from insert_all_into_values_test.t1;
id	name
1	s
select * from insert_all_into_values_test.t2;
id	name
1	xx
2	xx
select * from insert_all_into_values_test.t3;
id	name
1	xx
2	xx
---------------------------------------------------------------
## Test_22: test insert all into temporary table
---------------------------------------------------------------
create temporary table insert_all_into_values_test.tmp_table(id int primary key auto_increment, name varchar(25));
insert all into insert_all_into_values_test.tmp_table(id, name) values(1,'xx'),(2,'xx')
select insert_all_into_values_test.t1 from dual;
explain insert all into insert_all_into_values_test.tmp_table(id, name) values(1,'xx'),(2,'xx')
select insert_all_into_values_test.t1 from dual;
id	select_type	table	partitions	type	possible_keys	key	key_len	ref	rows	filtered	Extra
1	INSERT	tmp_table	NULL	ALL	NULL	NULL	NULL	NULL	NULL	NULL	NULL
Warnings:
Note	1003	insert all into `insert_all_into_values_test`.`tmp_table` (`insert_all_into_values_test`.`tmp_table`.`id`,`insert_all_into_values_test`.`tmp_table`.`name`) values (1,'xx'),(2,'xx') select * from dual
insert all into insert_all_into_values_test.tmp_table(id, name) values(5,'xx'),(6,'xx')
into insert_all_into_values_test.tmp_table(id, name) values(3,'xx'),(4,'xx')
select insert_all_into_values_test.t1 from dual;
ERROR HY000: Can't reopen table: 'tmp_table'
explain insert all into insert_all_into_values_test.tmp_table(id, name) values(5,'xx'),(6,'xx')
into insert_all_into_values_test.tmp_table(id, name) values(3,'xx'),(4,'xx')
select insert_all_into_values_test.t1 from dual;
ERROR HY000: Can't reopen table: 'tmp_table'
select * from insert_all_into_values_test.tmp_table;
id	name
1	xx
2	xx
---------------------------------------------------------------
## Test_23: test insert all into values in prepare stmt
---------------------------------------------------------------
truncate table insert_all_into_values_test.t1;
prepare prod_t1 from "insert all into insert_all_into_values_test.t1(id, name) values(?,?)
                                 into insert_all_into_values_test.t1(id, name) values(?,?)
                                 select * from dual";
set @a=1;
set @b='s';
set @c=2;
set @d='ss';
execute prod_t1 using @a,@b,@c,@d;
select * from insert_all_into_values_test.t1;
id	name
1	s
2	ss
DEALLOCATE prepare prod_t1;
---------------------------------------------------------------
## Test_24: test insert all into 100 tables
---------------------------------------------------------------
create table insert_all_into_values_test.t10(id int primary key auto_increment, name varchar(25), address varchar(25));
create table insert_all_into_values_test.t11(id int primary key auto_increment, name varchar(25), address varchar(25));
create table insert_all_into_values_test.t12(id int primary key auto_increment, name varchar(25), address varchar(25));
create table insert_all_into_values_test.t13(id int primary key auto_increment, name varchar(25), address varchar(25));
create table insert_all_into_values_test.t14(id int primary key auto_increment, name varchar(25), address varchar(25));
create table insert_all_into_values_test.t15(id int primary key auto_increment, name varchar(25), address varchar(25));
create table insert_all_into_values_test.t16(id int primary key auto_increment, name varchar(25), address varchar(25));
create table insert_all_into_values_test.t17(id int primary key auto_increment, name varchar(25), address varchar(25));
create table insert_all_into_values_test.t18(id int primary key auto_increment, name varchar(25), address varchar(25));
create table insert_all_into_values_test.t19(id int primary key auto_increment, name varchar(25), address varchar(25));
use insert_all_into_values_test;
DROP PROCEDURE IF EXISTS `insert_sql_pro` |
Warnings:
Note	1305	PROCEDURE insert_all_into_values_test.insert_sql_pro does not exist
CREATE PROCEDURE `insert_sql_pro`()
BEGIN
DECLARE i INT;
DECLARE j INT;
DECLARE table_name blob;
DECLARE value_name blob;
DECLARE sql_stmt blob;
DECLARE sql_tmp blob;
SET i = 10;
SET @sql_item="";
WHILE i<20 DO
set j = 1;
WHILE j<11 DO
set sql_tmp = @sql_item;
set table_name = CONCAT('t', i, "(name, address)" );
set value_name = CONCAT(' values(', '"xiaoxiao",', '"street") ');
SET sql_stmt = CONCAT(
'into ', table_name, value_name
);
SET @sql_item = CONCAT(sql_tmp, sql_stmt);
SET j = j+1;
END WHILE;
SET i = i+1;
END WHILE;
set @sql = CONCAT('insert all ', @sql_item, 'select * from dual');
PREPARE create_stmt FROM @sql;
EXECUTE create_stmt;
END |
call insert_sql_pro;
---------------------------------------------------------------
## Test_25: test explain insert all into values
---------------------------------------------------------------
truncate table insert_all_into_values_test.t1;
truncate table insert_all_into_values_test.t2;
truncate table insert_all_into_values_test.t3;
explain insert all into insert_all_into_values_test.t1(id, name) values(5,'xx'),(6,'xx')
into insert_all_into_values_test.t2(id, name) values(3,'xx'),(4,'xx')
into insert_all_into_values_test.t3(id, name) values(1,'xx'),(2,'xx')
select * from dual;
id	select_type	table	partitions	type	possible_keys	key	key_len	ref	rows	filtered	Extra
1	INSERT	t1	NULL	ALL	NULL	NULL	NULL	NULL	NULL	NULL	NULL
1	INSERT	t2	NULL	ALL	NULL	NULL	NULL	NULL	NULL	NULL	NULL
1	INSERT	t3	NULL	ALL	NULL	NULL	NULL	NULL	NULL	NULL	NULL
Warnings:
Note	1003	insert all into `insert_all_into_values_test`.`t1` (`insert_all_into_values_test`.`t1`.`id`,`insert_all_into_values_test`.`t1`.`name`) values (5,'xx'),(6,'xx') into `insert_all_into_values_test`.`t2` (`insert_all_into_values_test`.`t2`.`id`,`insert_all_into_values_test`.`t2`.`name`) values (3,'xx'),(4,'xx') into `insert_all_into_values_test`.`t3` (`insert_all_into_values_test`.`t3`.`id`,`insert_all_into_values_test`.`t3`.`name`) values (1,'xx'),(2,'xx') select * from dual
explain insert all into insert_all_into_values_test.t1(id, name) values(5,'xx'),(6,'xx')
into insert_all_into_values_test.t2(id, name) values(3,'xx'),(4,'xx')
into insert_all_into_values_test.t3(id, name) values(1,'xx'),(2,'xx')
select 1 from dual;
id	select_type	table	partitions	type	possible_keys	key	key_len	ref	rows	filtered	Extra
1	INSERT	t1	NULL	ALL	NULL	NULL	NULL	NULL	NULL	NULL	NULL
1	INSERT	t2	NULL	ALL	NULL	NULL	NULL	NULL	NULL	NULL	NULL
1	INSERT	t3	NULL	ALL	NULL	NULL	NULL	NULL	NULL	NULL	NULL
Warnings:
Note	1003	insert all into `insert_all_into_values_test`.`t1` (`insert_all_into_values_test`.`t1`.`id`,`insert_all_into_values_test`.`t1`.`name`) values (5,'xx'),(6,'xx') into `insert_all_into_values_test`.`t2` (`insert_all_into_values_test`.`t2`.`id`,`insert_all_into_values_test`.`t2`.`name`) values (3,'xx'),(4,'xx') into `insert_all_into_values_test`.`t3` (`insert_all_into_values_test`.`t3`.`id`,`insert_all_into_values_test`.`t3`.`name`) values (1,'xx'),(2,'xx') select * from dual
create database insert_all_into_values_test1;
use insert_all_into_values_test1;
create table t1(id int, name varchar(25));
explain insert all into insert_all_into_values_test.t1(id, name) values(5,'xx'),(6,'xx')
into t1(id, name) values(3,'xx'),(4,'xx')
select * from dual;
id	select_type	table	partitions	type	possible_keys	key	key_len	ref	rows	filtered	Extra
1	INSERT	t1	NULL	ALL	NULL	NULL	NULL	NULL	NULL	NULL	NULL
1	INSERT	t1	NULL	ALL	NULL	NULL	NULL	NULL	NULL	NULL	NULL
Warnings:
Note	1003	insert all into `insert_all_into_values_test`.`t1` (`insert_all_into_values_test`.`t1`.`id`,`insert_all_into_values_test`.`t1`.`name`) values (5,'xx'),(6,'xx') into `insert_all_into_values_test1`.`t1` (`insert_all_into_values_test1`.`t1`.`id`,`insert_all_into_values_test1`.`t1`.`name`) values (3,'xx'),(4,'xx') select * from dual
drop database insert_all_into_values_test1;
---------------------------------------------------------------
## End test insert all into values
---------------------------------------------------------------
drop database if exists INSERT_ALL_INTO_TEST;
Warnings:
Note	1008	Can't drop database 'INSERT_ALL_INTO_TEST'; database doesn't exist
drop database if exists insert_all_into_values_test;
drop database if exists INSERT_ALL_INTO_TEST;
Warnings:
Note	1008	Can't drop database 'INSERT_ALL_INTO_TEST'; database doesn't exist
drop database if exists insert_all_into_values_test;
