---------------------------------------------------------------
## Additon test to_number for oracle compatibility
---------------------------------------------------------------
set @@sql_mode = STRICT_TRANS_TABLES;
Warnings:
Warning	3135	'NO_ZERO_DATE', 'NO_ZERO_IN_DATE' and 'ERROR_FOR_DIVISION_BY_ZERO' sql modes should be used with strict mode. They will be merged with strict mode in a future release.
select @@sql_mode;
@@sql_mode
STRICT_TRANS_TABLES
---------------------------------------------------------------
## Test_1: addition test for "G" or "," in fmt
---------------------------------------------------------------
select to_number('1,00.00','9G99D99') as result from dual;
result
100
select to_number('1,00.00','9,99.99') as result from dual;
result
100
select to_number('2233','9ggg0900') "Amount" from dual;
Amount
2233
select to_number(',100.00','G999D99') as result from dual;
ERROR HY000: TO_NUMBER format invalid: "G" cannot at be first or second with some particular character in fmt.
select to_number('+,100.00','SG999D99') as result from dual;
ERROR HY000: TO_NUMBER format invalid: "G" cannot at be first or second with some particular character in fmt.
select to_number('$,100.00','$G999D99') as result from dual;
ERROR HY000: TO_NUMBER format invalid: "G" cannot at be first or second with some particular character in fmt.
select to_number('$,100.00','LG999D99') as result from dual;
ERROR HY000: TO_NUMBER format invalid: "G" cannot at be first or second with some particular character in fmt.
select to_number('USD,100.00','CG999D99') as result from dual;
ERROR HY000: TO_NUMBER format invalid: "G" cannot at be first or second with some particular character in fmt.
select to_number('$,100.00','UG999D99') as result from dual;
ERROR HY000: TO_NUMBER format invalid: "G" cannot at be first or second with some particular character in fmt.
select to_number('+2233','S,,,90900') "Amount" from dual;
ERROR HY000: TO_NUMBER format invalid: "," cannot at be first or second with some particular character in fmt.
select to_number('$2233','L,,,90900') "Amount" from dual;
ERROR HY000: TO_NUMBER format invalid: "," cannot at be first or second with some particular character in fmt.
select to_number('$2233','U,,,90900') "Amount" from dual;
ERROR HY000: TO_NUMBER format invalid: "," cannot at be first or second with some particular character in fmt.
select to_number('$2233','$,,,90900') "Amount" from dual;
ERROR HY000: TO_NUMBER format invalid: "," cannot at be first or second with some particular character in fmt.
select to_number('USD2233','C,,,90900') "Amount" from dual;
ERROR HY000: TO_NUMBER format invalid: "," cannot at be first or second with some particular character in fmt.
select to_number('100.0,0','999D9G9') as result from dual;
ERROR HY000: TO_NUMBER format invalid: "G" must be ahead of decimal point.
select to_number('100.0,0','999.9G9') as result from dual;
ERROR HY000: TO_NUMBER format invalid: "G" must be ahead of decimal point.
select to_number('1,00.00','9G99.99') as result from dual;
ERROR HY000: TO_NUMBER format invalid: "." should not use with "G" in fmt
select to_number('1,00.00',',999.99') as result from dual;
ERROR HY000: TO_NUMBER format invalid: "," cannot at be first or second with some particular character in fmt.
select to_number('100.0,0','999.9,9') as result from dual;
ERROR HY000: TO_NUMBER format invalid: "," must be ahead of decimal point.
select to_number('100.0,0','999D9,9') as result from dual;
ERROR HY000: TO_NUMBER format invalid: "," must be ahead of decimal point.
select to_number('1,00.00','9,99D99') as result from dual;
ERROR HY000: TO_NUMBER format invalid: "D" should not use with ","
select to_number('2233USD','9GGG090C') "Amount" from dual;
ERROR HY000: TO_NUMBER value invalid: not match "G" or "," in fmt
---------------------------------------------------------------
## Test_2: addition test for "S" in fmt
---------------------------------------------------------------
select to_number('-.','S') "Amount" from dual;
Amount
0
select to_number('+.','S') "Amount" from dual;
Amount
0
select to_number('-,,.','S') "Amount" from dual;
Amount
0
select to_number('1-234','9S999') as result from dual;
ERROR HY000: TO_NUMBER format invalid: "S" should only in the first or last position in fmt.
select to_number('-1234-','S9999S') as result from dual;
ERROR HY000: TO_NUMBER format invalid: "S" repeated in fmt.
select to_number('-1234-','S9999MI') as result from dual;
ERROR HY000: TO_NUMBER format invalid: "MI" repeated or be used with "S" or "PR" in fmt.
select to_number('-1234','S9999PR') as result from dual;
ERROR HY000: TO_NUMBER format invalid: "PR" repeated or be used with "S" or "MI" in fmt.
select to_number('-','S') as result from dual;
ERROR HY000: TO_NUMBER value invalid: error number value.
select to_number('+','S') as result from dual;
ERROR HY000: TO_NUMBER value invalid: error number value.
select to_number(' ','S') as result from dual;
ERROR HY000: TO_NUMBER value invalid: error "S" value
---------------------------------------------------------------
## Test_3: addition test for "MI" in fmt
---------------------------------------------------------------
select to_number('+','MI') as result from dual;
result
0
select to_number('-','MI') as result from dual;
result
0
select to_number(',. ','MI') as result from dual;
result
0
select to_number(' ','MI') as result from dual;
ERROR HY000: TO_NUMBER value invalid: error "MI" value
---------------------------------------------------------------
## Test_4: addition test for "PR" in fmt
---------------------------------------------------------------
select to_number('<>','PR') as result from dual;
result
0
select to_number(',,.','PR') as result from dual;
result
0
select to_number('<,,.>','PR') as result from dual;
result
0
select to_number('+','PR') as result from dual;
ERROR HY000: TO_NUMBER value invalid: error "PR" value
select to_number('-','PR') as result from dual;
ERROR HY000: TO_NUMBER value invalid: error "PR" value
select to_number(' ','PR') as result from dual;
ERROR HY000: TO_NUMBER value invalid: error "PR" value
select to_number(',..','PR') as result from dual;
ERROR HY000: TO_NUMBER value invalid: error "PR" value
---------------------------------------------------------------
## Test_5: test for "$" in fmt
---------------------------------------------------------------
select to_number('$22338','9,,,,,,,0900$9') as result from dual;
result
22338
select to_number('$223,,,,,,,,38','9GG$gggg09009') as result from dual;
result
22338
select to_number('$1,234.56','9,9$99.00') as result from dual;
result
1234.56
select to_number('-$1,234.56','9,9$99.00') as result from dual;
result
-1234.56
select to_number('$1234+','$9999MI') as result from dual;
result
1234
select to_number('$1234-','9999$MI') as result from dual;
result
-1234
select to_number('<$1234>','$9999PR') as result from dual;
result
-1234
select to_number('<$1234>','9999$PR') as result from dual;
result
-1234
select to_number('$1234','9999$PR') as result from dual;
result
1234
select to_number('$-','$S') as result from dual;
result
0
select to_number('$+','$S') as result from dual;
result
0
select to_number('+$0','S9$') as result from dual;
result
0
select to_number('$$1,234.56','$9,999$.00') as result from dual;
ERROR HY000: TO_NUMBER format invalid: repeated currency character in fmt.
select to_number('$1234-','9999MI$') as result from dual;
ERROR HY000: TO_NUMBER format invalid: "MI" should only in the last position in fmt.
select to_number('$-12','$S99') as result from dual;
ERROR HY000: TO_NUMBER format invalid: "S" should only in the first or last position in fmt.
select to_number('$+1,234.56','9,9$99.00') as result from dual;
ERROR HY000: TO_NUMBER value invalid: number not match the format!
select to_number('+$1,234.56','9,9$99.00') as result from dual;
ERROR HY000: TO_NUMBER value invalid: number not match the format!
select to_number('$-1,234.56','9,9$99.00') as result from dual;
ERROR HY000: TO_NUMBER value invalid: number not match the format!
select to_number('12$34.56','99$99.00') as result from dual;
ERROR HY000: TO_NUMBER value invalid: "$" not matched.
select to_number('$<1234>','$9999PR') as result from dual;
ERROR HY000: TO_NUMBER value invalid: number not match the format!
select to_number('-$','S$') as result from dual;
ERROR HY000: TO_NUMBER value invalid: "$" can't be the last in value
select to_number('+$','S$') as result from dual;
ERROR HY000: TO_NUMBER value invalid: "$" can't be the last in value
select to_number('+0$','S9$') as result from dual;
ERROR HY000: TO_NUMBER value invalid: "$" not matched.
---------------------------------------------------------------
## Test_6: test for "U" in fmt
---------------------------------------------------------------
select to_number('-100.88$','9G999D99U') "Amount" from dual;
Amount
-100.88
select to_number('-$100.88','U9G999D99') "Amount" from dual;
Amount
-100.88
select to_number('-100.88$','9,999.99U') "Amount" from dual;
Amount
-100.88
select to_number('-$100.88','U9,999.99') "Amount" from dual;
Amount
-100.88
select to_number('-$1234','U9999') as result from dual;
result
-1234
select to_number('-100$','9G999U') as result from dual;
result
-100
select to_number('-100$','9G99U9') as result from dual;
result
-100
select to_number('-100$','9,999U') as result from dual;
result
-100
select to_number('-100$6','9999U9') as result from dual;
result
-100.6
select to_number('-100$','9G9GGGgg9GGU9') as result from dual;
result
-100
select to_number('$10,,,,,,,0,,,,','U99ggg9') from dual;
to_number('$10,,,,,,,0,,,,','U99ggg9')
100
select to_number('-100$$','999UU') as result from dual;
ERROR HY000: TO_NUMBER format invalid: repeated currency character in fmt.
select to_number('-100$$','999$U') as result from dual;
ERROR HY000: TO_NUMBER format invalid: repeated currency character in fmt.
select to_number('-100$$','999LU') as result from dual;
ERROR HY000: TO_NUMBER format invalid: repeated currency character in fmt.
select to_number('-100USD$','999CU') as result from dual;
ERROR HY000: TO_NUMBER format invalid: repeated currency character in fmt.
select to_number('-100$','9,99U9') as result from dual;
ERROR HY000: TO_NUMBER format invalid: middle "L/C/U" can't use with "," in fmt.
select to_number('-100$','999U9G9') as result from dual;
ERROR HY000: TO_NUMBER format invalid: "G" must be ahead of decimal point.
select to_number('-100$.6','9999UD9') as result from dual;
ERROR HY000: TO_NUMBER format invalid: repeated decimal character in fmt.
select to_number('-100.$6','9999DU9') as result from dual;
ERROR HY000: TO_NUMBER format invalid: middle "L/C/U" can't use with decimal character in fmt.
select to_number('-100$.6','9999U.9') as result from dual;
ERROR HY000: TO_NUMBER format invalid: repeated decimal character in fmt.
select to_number('-100.$6','9999.U9') as result from dual;
ERROR HY000: TO_NUMBER format invalid: middle "L/C/U" can't use with decimal character in fmt.
---------------------------------------------------------------
## Test_7: test for "C" in fmt
---------------------------------------------------------------
select to_number('-100.88USD','9G999D99C') "Amount" from dual;
Amount
-100.88
select to_number('-USD100.88','C9G999D99') "Amount" from dual;
Amount
-100.88
select to_number('-100.88USD','9,999.99C') "Amount" from dual;
Amount
-100.88
select to_number('-USD100.88','C9,999.99') "Amount" from dual;
Amount
-100.88
select to_number('USD123','C999') as result from dual;
result
123
select to_number('-100USD','9G999C') as result from dual;
result
-100
select to_number('-100USD','9G99C9') as result from dual;
result
-100
select to_number('-100USD','9,999C') as result from dual;
result
-100
select to_number('-100USD6','9999C9') as result from dual;
result
-100.6
select to_number('-100USD','9G9GGGgg9GGC9') as result from dual;
result
-100
select to_number('USD10,,,,,,,0,,,,','C99ggg9') from dual;
to_number('USD10,,,,,,,0,,,,','C99ggg9')
100
select to_number('-100USDUSD','999CC') as result from dual;
ERROR HY000: TO_NUMBER format invalid: repeated currency character in fmt.
select to_number('-100$USD','999$C') as result from dual;
ERROR HY000: TO_NUMBER format invalid: repeated currency character in fmt.
select to_number('-100$USD','999LC') as result from dual;
ERROR HY000: TO_NUMBER format invalid: repeated currency character in fmt.
select to_number('-100$USD','999UC') as result from dual;
ERROR HY000: TO_NUMBER format invalid: repeated currency character in fmt.
select to_number('-100USD','9,99C9') as result from dual;
ERROR HY000: TO_NUMBER format invalid: middle "L/C/U" can't use with "," in fmt.
select to_number('-100USD','999C9G9') as result from dual;
ERROR HY000: TO_NUMBER format invalid: "G" must be ahead of decimal point.
select to_number('-100USD.6','9999CD9') as result from dual;
ERROR HY000: TO_NUMBER format invalid: repeated decimal character in fmt.
select to_number('-100.USD6','9999DC9') as result from dual;
ERROR HY000: TO_NUMBER format invalid: middle "L/C/U" can't use with decimal character in fmt.
select to_number('-100USD.6','9999C.9') as result from dual;
ERROR HY000: TO_NUMBER format invalid: repeated decimal character in fmt.
select to_number('-100.USD6','9999.C9') as result from dual;
ERROR HY000: TO_NUMBER format invalid: middle "L/C/U" can't use with decimal character in fmt.
---------------------------------------------------------------
## Test_8: addition test for "L" in fmt
---------------------------------------------------------------
select to_number('-100.88$','9G999D99L') "Amount" from dual;
Amount
-100.88
select to_number('-$100.88','L9G999D99') "Amount" from dual;
Amount
-100.88
select to_number('-100.88$','9,999.99L') "Amount" from dual;
Amount
-100.88
select to_number('-$100.88','L9,999.99') "Amount" from dual;
Amount
-100.88
select to_number('-100$','9G999L') as result from dual;
result
-100
select to_number('-100$','9G99L9') as result from dual;
result
-100
select to_number('-100$','9,999L') as result from dual;
result
-100
select to_number('-100$6','9999L9') as result from dual;
result
-100.6
select to_number('-100$','9G9GGGgg9GGL9') as result from dual;
result
-100
select to_number('$10,,,,,,,0,,,,','L99ggg9') from dual;
to_number('$10,,,,,,,0,,,,','L99ggg9')
100
select to_number('-100$$','999LL') as result from dual;
ERROR HY000: TO_NUMBER format invalid: repeated currency character in fmt.
select to_number('-100$$','999$L') as result from dual;
ERROR HY000: TO_NUMBER format invalid: repeated currency character in fmt.
select to_number('-100$$','999UL') as result from dual;
ERROR HY000: TO_NUMBER format invalid: repeated currency character in fmt.
select to_number('-100USD$','999CL') as result from dual;
ERROR HY000: TO_NUMBER format invalid: repeated currency character in fmt.
select to_number('-100$','9,99L9') as result from dual;
ERROR HY000: TO_NUMBER format invalid: middle "L/C/U" can't use with "," in fmt.
select to_number('-100$','999L9G9') as result from dual;
ERROR HY000: TO_NUMBER format invalid: "G" must be ahead of decimal point.
select to_number('-100$.6','9999LD9') as result from dual;
ERROR HY000: TO_NUMBER format invalid: repeated decimal character in fmt.
select to_number('-100.$6','9999DL9') as result from dual;
ERROR HY000: TO_NUMBER format invalid: middle "L/C/U" can't use with decimal character in fmt.
select to_number('-100$.6','9999L.9') as result from dual;
ERROR HY000: TO_NUMBER format invalid: repeated decimal character in fmt.
select to_number('-100.$6','9999.L9') as result from dual;
ERROR HY000: TO_NUMBER format invalid: middle "L/C/U" can't use with decimal character in fmt.
---------------------------------------------------------------
## Test_9: test for "X" in fmt
---------------------------------------------------------------
select to_number(0,'xxxxxx') from dual;
to_number(0,'xxxxxx')
0
select to_number('0','xxxxxx') from dual;
to_number('0','xxxxxx')
0
select to_number(123,'xxxxxx') from dual;
to_number(123,'xxxxxx')
291
select to_number('1234567890ABCDEF','XXXXXXXXXXXXXXXX') from dual;
to_number('1234567890ABCDEF','XXXXXXXXXXXXXXXX')
1311768467294899695
select to_number(repeat('f',16),repeat('X',16)) from dual;
to_number(repeat('f',16),repeat('X',16))
18446744073709551615
select to_number('1234567890ABCDEF1','XXXXXXXXXXXXXXXXX') from dual;
to_number('1234567890ABCDEF1','XXXXXXXXXXXXXXXXX')
20988295476718395121
select to_number(repeat('f',17),repeat('X',17)) from dual;
to_number(repeat('f',17),repeat('X',17))
295147905179352825855
select to_number(repeat('f',53),repeat('X',53)) from dual;
to_number(repeat('f',53),repeat('X',53))
6582018229284824168619876730229402019930943462534319453394436095
select to_number(repeat('f',54),repeat('X',64)) from dual;
ERROR HY000: TO_NUMBER value out of range: my_decimal overflow: bigger precision
select to_number(123,'xx') as result from dual;
ERROR HY000: TO_NUMBER value invalid: error number.
select to_number(-123,'xx') as result from dual;
ERROR HY000: TO_NUMBER value invalid: error "X" negative value
select to_number('12.34','xxDxx') as result from dual;
ERROR HY000: TO_NUMBER format invalid: invalid "X" format.
select to_number('12.34','xx.xx') as result from dual;
ERROR HY000: TO_NUMBER format invalid: invalid "X" format.
select to_number('$1234','$xxxx') as result from dual;
ERROR HY000: TO_NUMBER format invalid: invalid "X" format.
select to_number('$1234','Lxxxx') as result from dual;
ERROR HY000: TO_NUMBER format invalid: invalid "X" format.
select to_number('$1234','Uxxxx') as result from dual;
ERROR HY000: TO_NUMBER format invalid: invalid "X" format.
select to_number('USD1234','Cxxxx') as result from dual;
ERROR HY000: TO_NUMBER format invalid: invalid "X" format.
select to_number('1234$','xxxxL') as result from dual;
ERROR HY000: TO_NUMBER format invalid: invalid "X" format.
select to_number('1234$','xxxxU') as result from dual;
ERROR HY000: TO_NUMBER format invalid: invalid "X" format.
select to_number('1234USD','xxxxC') as result from dual;
ERROR HY000: TO_NUMBER format invalid: invalid "X" format.
select to_number('123','xxx9') as result from dual;
ERROR HY000: TO_NUMBER format invalid: invalid "X" format.
select to_number('123','9xxx') as result from dual;
ERROR HY000: TO_NUMBER format invalid: invalid "X" format.
select to_number('123','0xxx') as result from dual;
ERROR HY000: TO_NUMBER format invalid: invalid "X" format.
select to_number('123','xxx0') as result from dual;
ERROR HY000: TO_NUMBER format invalid: invalid "X" format.
---------------------------------------------------------------
## Test_10: test for "" in fmt
---------------------------------------------------------------
select to_number('.','') as result from dual;
result
0
select to_number(',','') as result from dual;
result
0
select to_number(',,,','') as result from dual;
result
0
select to_number(',,,.','') as result from dual;
result
0
select to_number('-,','') as result from dual;
result
0
select to_number('-,,.','') as result from dual;
result
0
select to_number('','') as result from dual;
result
NULL
select to_number('..','') as result from dual;
ERROR HY000: TO_NUMBER value invalid: error number.
select to_number('.,','') as result from dual;
ERROR HY000: TO_NUMBER value invalid: error number.
select to_number('+,,.','') as result from dual;
ERROR HY000: TO_NUMBER value invalid: error number.
select to_number('+','') as result from dual;
ERROR HY000: TO_NUMBER value invalid: error number.
select to_number('-','') as result from dual;
ERROR HY000: TO_NUMBER value invalid: error number.
---------------------------------------------------------------
## Test_11: test for "" in value
---------------------------------------------------------------
select to_number('','') as result from dual;
result
NULL
select to_number('','asdfqwfeqw') as result from dual;
result
NULL
---------------------------------------------------------------
## Test_13: test for procedure
---------------------------------------------------------------
create database if not exists to_num_test;
drop procedure if exists to_num_test.sp_to_num;
Warnings:
Note	1305	PROCEDURE to_num_test.sp_to_num does not exist
CREATE OR REPLACE PROCEDURE to_num_test.sp_to_num(p_value varchar(100),p_fmt varchar(100))
BEGIN
select to_number(p_value, p_fmt) from dual;
END$$
call to_num_test.sp_to_num('123','999');
to_number(p_value, p_fmt)
123
drop procedure to_num_test.sp_to_num;
drop database to_num_test;
---------------------------------------------------------------
## Test_14: test for prepare
---------------------------------------------------------------
prepare pron from 'select to_number(?, ?) from dual';
set @p = '$123.34';
set @q = '99$9D99';
execute pron using @p, @q;
to_number(?, ?)
123.34
---------------------------------------------------------------
## Test_15: Some test in code review
---------------------------------------------------------------
select to_number(',.',1/0) as result from dual;
result
NULL
select to_number('-.1','S999.9') "Amount" from dual;
Amount
-0.1
select to_number('+,,,,2.','S9') "Amount" from dual;
Amount
2
select to_number('+,,,,.','S') "Amount" from dual;
Amount
0
select to_number('2,2,2233$8','9ggGGggggg9g0900U9') "Amount" from dual;
Amount
222233.8
select to_number('11.-','99MI') "Amount" from dual;
Amount
-11
select to_number('12','99D') "Amount" from dual;
Amount
12
select to_number('-,,.','S.') from dual;
to_number('-,,.','S.')
0
select to_number('<123','999PR') from dual;
ERROR HY000: TO_NUMBER value invalid: error "PR" value
select to_number('123 ','999PR') from dual;
ERROR HY000: TO_NUMBER value invalid: error "PR" value
select to_number(' ','9') as result from dual;
ERROR HY000: TO_NUMBER value invalid: error number.
select to_number('-','S$') from dual;
ERROR HY000: TO_NUMBER value invalid: "$" not matched.
select to_number('1.1. ','9.9MI') "Amount" from dual;
ERROR HY000: TO_NUMBER value invalid: error "MI" value
select to_number('1.1.','9.9PR') "Amount" from dual;
ERROR HY000: TO_NUMBER value invalid: error "PR" value
select to_number('11..-','99MI') "Amount" from dual;
ERROR HY000: TO_NUMBER value invalid: error "MI" value
select to_number('11...-','99MI') "Amount" from dual;
ERROR HY000: TO_NUMBER value invalid: error "MI" value
select to_number('$','L099') as result from dual;
ERROR HY000: TO_NUMBER value invalid: number not match the format!
select to_number('-','S999') as result from dual;
ERROR HY000: TO_NUMBER value invalid: number not match the format!
select to_number('1.100','9.9') from dual;
ERROR HY000: TO_NUMBER value invalid: number not match the format!
select to_number('12,,,3.4','99G9D9') from dual;
to_number('12,,,3.4','99G9D9')
123.4
select to_number('1,,','9') from dual;
to_number('1,,','9')
1
select to_number('1,,+','9S') from dual;
to_number('1,,+','9S')
1
select to_number('123,,,.4','999.9') from dual;
to_number('123,,,.4','999.9')
123.4
select to_number('-1.','9.') from dual;
to_number('-1.','9.')
-1
select to_number('-1','9.') from dual;
to_number('-1','9.')
-1
select to_number('2233$8','9ggGGggggg0900U9') "Amount" from dual;
Amount
2233.8
select to_number('2233USD','9ggGGggggg0900C') "Amount" from dual;
Amount
2233
select to_number('1,1,,','9G9G') from dual;
to_number('1,1,,','9G9G')
11
select to_number('1,1,,,,+','9,9,S') from dual;
to_number('1,1,,,,+','9,9,S')
11
select to_number('-,,.','S') as result from dual;
result
0
select to_number(',. ','MI') as result from dual;
result
0
select to_number(',.','PR') as result from dual;
result
0
select to_number('<,.>','PR') as result from dual;
result
0
select to_number('+$0','S9$') as result from dual;
result
0
select to_number('$','L999') as result from dual;
result
0
select to_number('+$','SL999') as result from dual;
result
0
select to_number('-1','S999') from dual;
to_number('-1','S999')
-1
select to_number('-.1','SD9') from dual;
to_number('-.1','SD9')
-0.1
select to_number('-.1','S.9') from dual;
to_number('-.1','S.9')
-0.1
select to_number('-,,.','S99') from dual;
to_number('-,,.','S99')
0
select to_number('A','X') as result from dual;
result
10
select to_number('-$1','SL9') from dual;
to_number('-$1','SL9')
-1
select to_number('-$','SL') from dual;
to_number('-$','SL')
0
select to_number('-$','DL') from dual;
to_number('-$','DL')
0
select to_number('-','S999') as result from dual;
ERROR HY000: TO_NUMBER value invalid: number not match the format!
select to_number('-','.') from dual;
ERROR HY000: TO_NUMBER value invalid: error number.
select to_number('2233USD','9ggg090C') "Amount" from dual;
ERROR HY000: TO_NUMBER value invalid: not match "G" or "," in fmt
select to_number('-','S') as result from dual;
ERROR HY000: TO_NUMBER value invalid: error number value.
select to_number(' ','MI') from dual;
ERROR HY000: TO_NUMBER value invalid: error "MI" value
select to_number(',.+','PR') as result from dual;
ERROR HY000: TO_NUMBER value invalid: error "PR" value
select to_number(',. ','PR') as result from dual;
ERROR HY000: TO_NUMBER value invalid: error "PR" value
select to_number('12 ','99') from dual;
ERROR HY000: TO_NUMBER value invalid: error number.
