select '01.01.1' as _CASE_;
_CASE_
01.01.1
select to_char(123) from dual;
to_char(123)
123
select '01.01.2' as _CASE_;
_CASE_
01.01.2
select to_char(-123) from dual;
to_char(-123)
-123
select '01.01.3' as _CASE_;
_CASE_
01.01.3
select to_char("exit") from dual;
to_char("exit")
exit
select '01.01.4' as _CASE_;
_CASE_
01.01.4
select to_char("&&$$!@~&^&@~!%#%") from dual;
to_char("&&$$!@~&^&@~!%#%")
&&$$!@~&^&@~!%#%
select '01.01.5' as _CASE_;
_CASE_
01.01.5
select to_char(000) from dual;
to_char(000)
0
select '01.01.6' as _CASE_;
_CASE_
01.01.6
select  TO_CHAR(1234,'9999') from dual;
TO_CHAR(1234,'9999')
 1234
select '01.01.7' as _CASE_;
_CASE_
01.01.7
select  TO_CHAR(234,'99999') from dual;
TO_CHAR(234,'99999')
   234
select '01.01.8' as _CASE_;
_CASE_
01.01.8
select  TO_CHAR(1234,'999') from dual;
TO_CHAR(1234,'999')
####
select '01.01.9' as _CASE_;
_CASE_
01.01.9
select  TO_CHAR(-1234,'9999') from dual;
TO_CHAR(-1234,'9999')
-1234
select '01.01.10' as _CASE_;
_CASE_
01.01.10
select  TO_CHAR(-234,'99999') from dual;
TO_CHAR(-234,'99999')
  -234
select '01.01.11' as _CASE_;
_CASE_
01.01.11
select  TO_CHAR(-1234,'999') from dual;
TO_CHAR(-1234,'999')
####
select '01.01.12-17' as _CASE_;
_CASE_
01.01.12-17
select TO_CHAR(567,'9999.99') from dual;
TO_CHAR(567,'9999.99')
  567.00
select TO_CHAR(1234567,'9999.99') from dual;
TO_CHAR(1234567,'9999.99')
########
select TO_CHAR(1234,'9999.99') from dual;
TO_CHAR(1234,'9999.99')
 1234.00
select TO_CHAR(12345,'9999.99') from dual;
TO_CHAR(12345,'9999.99')
########
select TO_CHAR(-123456,'9999.99') from dual;
TO_CHAR(-123456,'9999.99')
########
select TO_CHAR(45.789,'9999.99')  from dual;
TO_CHAR(45.789,'9999.99')
   45.79
select '01.01.18-22' as _CASE_;
_CASE_
01.01.18-22
select TO_CHAR(567.001,'9999.99') from dual;
TO_CHAR(567.001,'9999.99')
  567.00
select TO_CHAR(567,'9999.99') from dual;
TO_CHAR(567,'9999.99')
  567.00
select TO_CHAR(567.999,'9999.99') from dual;
TO_CHAR(567.999,'9999.99')
  568.00
select TO_CHAR(567.99,'9999.99') from dual;
TO_CHAR(567.99,'9999.99')
  567.99
select TO_CHAR(567.9,'9999.99') from dual;
TO_CHAR(567.9,'9999.99')
  567.90
select '01.01.23-30' as _CASE_;
_CASE_
01.01.23-30
select TO_CHAR(45.6789,'9,9.99')  from dual;
TO_CHAR(45.6789,'9,9.99')
 4,5.68
select TO_CHAR(45.6,'9')  from dual;
TO_CHAR(45.6,'9')
##
select TO_CHAR(0.0006,'99')  from dual;
TO_CHAR(0.0006,'99')
  0
select TO_CHAR(0,'.99S')  from dual;
TO_CHAR(0,'.99S')
.00+
select TO_CHAR(0,'.99')  from dual;
TO_CHAR(0,'.99')
 .00
select TO_CHAR(0,'s.99')  from dual;
TO_CHAR(0,'s.99')
+.00
select TO_CHAR(0,'99.99')  from dual;
TO_CHAR(0,'99.99')
   .00
select TO_CHAR(-0,'99.99')  from dual;
TO_CHAR(-0,'99.99')
   .00
select '01.01.31-34' as _CASE_;
_CASE_
01.01.31-34
select TO_CHAR(0.0006,'99.99')  from dual;
TO_CHAR(0.0006,'99.99')
   .00
select TO_CHAR(0.0006,'99.999')  from dual;
TO_CHAR(0.0006,'99.999')
   .001
select TO_CHAR(0.0006,'99.9999')  from dual;
TO_CHAR(0.0006,'99.9999')
   .0006
select TO_CHAR(0.0006,'99.99999')  from dual;
TO_CHAR(0.0006,'99.99999')
   .00060
select '01.01.35-37' as _CASE_;
_CASE_
01.01.35-37
select TO_CHAR(0.0006,'99.9')  from dual;
TO_CHAR(0.0006,'99.9')
   .0
select TO_CHAR(0.6,'99')  from dual;
TO_CHAR(0.6,'99')
  1
select TO_CHAR(0.677,'99')  from dual;
TO_CHAR(0.677,'99')
  1
select '01.01.38-40' as _CASE_;
_CASE_
01.01.38-40
select TO_CHAR(12345.677,'99,$99,9')  from dual;
TO_CHAR(12345.677,'99,$99,9')
 $12,34,6
select TO_CHAR(12345.677,'99,99,9.99')  from dual;
TO_CHAR(12345.677,'99,99,9.99')
 12,34,5.68
select TO_CHAR(12345.677,'99,$99,9.99')  from dual;
TO_CHAR(12345.677,'99,$99,9.99')
 $12,34,5.68
select '01.01.41-45' as _CASE_;
_CASE_
01.01.41-45
select TO_CHAR(45.6,'99')  from dual;
TO_CHAR(45.6,'99')
 46
select TO_CHAR(45.6,'9,9')  from dual;
TO_CHAR(45.6,'9,9')
 4,6
select TO_CHAR(45.6,'99,9')  from dual;
TO_CHAR(45.6,'99,9')
  4,6
select TO_CHAR(45.6,'99,9.99')  from dual;
TO_CHAR(45.6,'99,9.99')
  4,5.60
select TO_CHAR(45.69,'99,9.99')  from dual;
TO_CHAR(45.69,'99,9.99')
  4,5.69
select '01.01.46-50' as _CASE_;
_CASE_
01.01.46-50
select TO_CHAR(45.6789,'99,9.99')  from dual;
TO_CHAR(45.6789,'99,9.99')
  4,5.68
select TO_CHAR(45.6789,'9,9,9.99')  from dual;
TO_CHAR(45.6789,'9,9,9.99')
   4,5.68
select TO_CHAR(45.99999,'9,9.9999')  from dual;
TO_CHAR(45.99999,'9,9.9999')
 4,6.0000
select TO_CHAR(45.99999,'99,9.9999')  from dual;
TO_CHAR(45.99999,'99,9.9999')
  4,6.0000
select TO_CHAR(45.99999,'9,9,9.9999')  from dual;
TO_CHAR(45.99999,'9,9,9.9999')
   4,6.0000
select '01.01.51-58' as _CASE_;
_CASE_
01.01.51-58
select TO_CHAR(45.6,'99,9')  from dual;
TO_CHAR(45.6,'99,9')
  4,6
select TO_CHAR(0.6,'99,9')  from dual;
TO_CHAR(0.6,'99,9')
    1
select TO_CHAR(0.6,'9,9,9,9')  from dual;
TO_CHAR(0.6,'9,9,9,9')
       1
select TO_CHAR(0.6,'99,9,9,9')  from dual;
TO_CHAR(0.6,'99,9,9,9')
        1
select TO_CHAR(0.6,'99,9,9,99')  from dual;
TO_CHAR(0.6,'99,9,9,99')
         1
select TO_CHAR(0.6,'99,9,9,99.9')  from dual;
TO_CHAR(0.6,'99,9,9,99.9')
          .6
select TO_CHAR(0.6,'99,9,9,99.99')  from dual;
TO_CHAR(0.6,'99,9,9,99.99')
          .60
select TO_CHAR(123.6,'99,9,9,99.99')  from dual;
TO_CHAR(123.6,'99,9,9,99.99')
      1,23.60
select '01.01.59-60' as _CASE_;
_CASE_
01.01.59-60
select TO_CHAR(0.56784,'9,9.9999')  from dual;
TO_CHAR(0.56784,'9,9.9999')
    .5678
select TO_CHAR(0.56789,'9,9.9999')  from dual;
TO_CHAR(0.56789,'9,9.9999')
    .5679
select '01.01.61-66' as _CASE_;
_CASE_
01.01.61-66
select TO_CHAR(0.99999,'9,9.9999')  from dual;
TO_CHAR(0.99999,'9,9.9999')
   1.0000
select TO_CHAR(0.99999,'99,9.9999')  from dual;
TO_CHAR(0.99999,'99,9.9999')
    1.0000
select TO_CHAR(0.99999,'9,9,9.9999')  from dual;
TO_CHAR(0.99999,'9,9,9.9999')
     1.0000
select TO_CHAR(0.099999,'9,9,9.9999')  from dual;
TO_CHAR(0.099999,'9,9,9.9999')
      .1000
select TO_CHAR(0.0099999,'9,9,9.9999')  from dual;
TO_CHAR(0.0099999,'9,9,9.9999')
      .0100
select TO_CHAR(-0.0099999,'9,9,9.9999')  from dual;
TO_CHAR(-0.0099999,'9,9,9.9999')
     -.0100
select '01.02.1-6' as _CASE_;
_CASE_
01.02.1-6
select  TO_CHAR(1234,'0000') from dual;
TO_CHAR(1234,'0000')
 1234
select  TO_CHAR(234,'00999') from dual;
TO_CHAR(234,'00999')
 00234
select  TO_CHAR(1234,'000') from dual;
TO_CHAR(1234,'000')
####
select  TO_CHAR(-1234,'0000') from dual;
TO_CHAR(-1234,'0000')
-1234
select  TO_CHAR(-234,'00000') from dual;
TO_CHAR(-234,'00000')
-00234
select  TO_CHAR(-1234,'000') from dual;
TO_CHAR(-1234,'000')
####
select '01.02.7-12' as _CASE_;
_CASE_
01.02.7-12
select TO_CHAR(567,'0099.99') from dual;
TO_CHAR(567,'0099.99')
 0567.00
select TO_CHAR(1234567,'0099.99') from dual;
TO_CHAR(1234567,'0099.99')
########
select TO_CHAR(1234,'9999.00') from dual;
TO_CHAR(1234,'9999.00')
 1234.00
select TO_CHAR(12345,'9900.99') from dual;
TO_CHAR(12345,'9900.99')
########
select TO_CHAR(-123456,'0999.99') from dual;
TO_CHAR(-123456,'0999.99')
########
select TO_CHAR(45.789,'0099.99')  from dual;
TO_CHAR(45.789,'0099.99')
 0045.79
select '01.02.13-23' as _CASE_;
_CASE_
01.02.13-23
select TO_CHAR(345.789,'0099.99')  from dual;
TO_CHAR(345.789,'0099.99')
 0345.79
select TO_CHAR(345.789,'099.99')  from dual;
TO_CHAR(345.789,'099.99')
 345.79
select TO_CHAR(345.789,'909.99')  from dual;
TO_CHAR(345.789,'909.99')
 345.79
select TO_CHAR(345.789,'90.99')  from dual;
TO_CHAR(345.789,'90.99')
######
select TO_CHAR(345.789,'9090.09')  from dual;
TO_CHAR(345.789,'9090.09')
  345.79
select TO_CHAR(345.789,'9900.09')  from dual;
TO_CHAR(345.789,'9900.09')
  345.79
select TO_CHAR(345.789,'09090.00')  from dual;
TO_CHAR(345.789,'09090.00')
 00345.79
select TO_CHAR(345.789,'09990.00')  from dual;
TO_CHAR(345.789,'09990.00')
 00345.79
select TO_CHAR(345.789,'90990.090')  from dual;
TO_CHAR(345.789,'90990.090')
  0345.789
select TO_CHAR(345.789,'99990.0900')  from dual;
TO_CHAR(345.789,'99990.0900')
   345.7890
select TO_CHAR(345.789,'9099.9990')  from dual;
TO_CHAR(345.789,'9099.9990')
  345.7890
select '01.02.24-28' as _CASE_;
_CASE_
01.02.24-28
select TO_CHAR(345.789,'90,990.090')  from dual;
TO_CHAR(345.789,'90,990.090')
  0,345.789
select TO_CHAR(345.789,'9,0990.090')  from dual;
TO_CHAR(345.789,'9,0990.090')
   0345.789
select TO_CHAR(345.789,'9,0,9,9,0.090')  from dual;
TO_CHAR(345.789,'9,0,9,9,0.090')
   0,3,4,5.789
select TO_CHAR(345.789,'909,9,0.090')  from dual;
TO_CHAR(345.789,'909,9,0.090')
  03,4,5.789
select TO_CHAR(345.789,'90,99,990.090')  from dual;
TO_CHAR(345.789,'90,99,990.090')
  0,00,345.789
select '01.02.29-35' as _CASE_;
_CASE_
01.02.29-35
select TO_CHAR(345.789,'909,9,0.090$')  from dual;
TO_CHAR(345.789,'909,9,0.090$')
  $03,4,5.789
select TO_CHAR(345.789,'909,9,0.090MI')  from dual;
TO_CHAR(345.789,'909,9,0.090MI')
 03,4,5.789 
select TO_CHAR(-345.789,'909,9,0.090MI')  from dual;
TO_CHAR(-345.789,'909,9,0.090MI')
 03,4,5.789-
select TO_CHAR(-345.789,'$909,9,0.090MI')  from dual;
TO_CHAR(-345.789,'$909,9,0.090MI')
 $03,4,5.789-
select TO_CHAR(-345.789,'$909,9,0.090')  from dual;
TO_CHAR(-345.789,'$909,9,0.090')
 -$03,4,5.789
select TO_CHAR(-345.789,'9909,9,0.090MI')  from dual;
TO_CHAR(-345.789,'9909,9,0.090MI')
  03,4,5.789-
select TO_CHAR(-345.789,'9909,9,0.090')  from dual;
TO_CHAR(-345.789,'9909,9,0.090')
  -03,4,5.789
select '01.02.36-41' as _CASE_;
_CASE_
01.02.36-41
select TO_CHAR(45.6789,'0,9.99')  from dual;
TO_CHAR(45.6789,'0,9.99')
 4,5.68
select TO_CHAR(45.6789,'09,9.99')  from dual;
TO_CHAR(45.6789,'09,9.99')
 04,5.68
select TO_CHAR(45.6789,'0,0,9.99')  from dual;
TO_CHAR(45.6789,'0,0,9.99')
 0,4,5.68
select TO_CHAR(45.99999,'9,0.9999')  from dual;
TO_CHAR(45.99999,'9,0.9999')
 4,6.0000
select TO_CHAR(45.99999,'90,9.9999')  from dual;
TO_CHAR(45.99999,'90,9.9999')
  4,6.0000
select TO_CHAR(45.99999,'0,9,9.9999')  from dual;
TO_CHAR(45.99999,'0,9,9.9999')
 0,4,6.0000
select '01.02.42-43' as _CASE_;
_CASE_
01.02.42-43
select TO_CHAR(0.56784,'0,0.0999')  from dual;
TO_CHAR(0.56784,'0,0.0999')
 0,0.5678
select TO_CHAR(0.56789,'0,0.0999')  from dual;
TO_CHAR(0.56789,'0,0.0999')
 0,0.5679
select '01.02.44-50' as _CASE_;
_CASE_
01.02.44-50
select TO_CHAR(0.99999,'0,0.9999')  from dual;
TO_CHAR(0.99999,'0,0.9999')
 0,1.0000
select TO_CHAR(0.99999,'00,9.9999')  from dual;
TO_CHAR(0.99999,'00,9.9999')
 00,1.0000
select TO_CHAR(0.99999,'0,0,9.9999')  from dual;
TO_CHAR(0.99999,'0,0,9.9999')
 0,0,1.0000
select TO_CHAR(0.099999,'0,0,0.0999')  from dual;
TO_CHAR(0.099999,'0,0,0.0999')
 0,0,0.1000
select TO_CHAR(0.0099999,'0,0,0.0999')  from dual;
TO_CHAR(0.0099999,'0,0,0.0999')
 0,0,0.0100
select TO_CHAR(-0.0099999,'0,0,0.0999')  from dual;
TO_CHAR(-0.0099999,'0,0,0.0999')
-0,0,0.0100
select TO_CHAR(-0.0099999,'0.00000999')  from dual;
TO_CHAR(-0.0099999,'0.00000999')
-0.00999990
select '01.03.1-4' as _CASE_;
_CASE_
01.03.1-4
select  TO_CHAR(567,'9.9EEEE') from dual;
TO_CHAR(567,'9.9EEEE')
 5.7E+02
select  TO_CHAR(45,'9.9EEEE')   from dual;
TO_CHAR(45,'9.9EEEE')
 4.5E+01
select  TO_CHAR(0.0666,'9.9EEEE') from dual;
TO_CHAR(0.0666,'9.9EEEE')
 6.7E-02
select  TO_CHAR(2008032001,'9.9EEEE')  from dual;
TO_CHAR(2008032001,'9.9EEEE')
 2.0E+09
select '01.03.5-9' as _CASE_;
_CASE_
01.03.5-9
select TO_CHAR(2008032001,'9.9EEEE') from dual;
TO_CHAR(2008032001,'9.9EEEE')
 2.0E+09
select TO_CHAR(0.0666,'9.9EEEE') from dual;
TO_CHAR(0.0666,'9.9EEEE')
 6.7E-02
select TO_CHAR(0.0666,'9.99EEEE') from dual;
TO_CHAR(0.0666,'9.99EEEE')
 6.66E-02
select TO_CHAR(0.0666,'9.999EEEE') from dual;
TO_CHAR(0.0666,'9.999EEEE')
 6.660E-02
select '01.03.10-12' as _CASE_;
_CASE_
01.03.10-12
select TO_CHAR(0.0999,'9.999EEEE') from dual;
TO_CHAR(0.0999,'9.999EEEE')
 9.990E-02
select TO_CHAR(0.099,'9.999EEEE') from dual;
TO_CHAR(0.099,'9.999EEEE')
 9.900E-02
select TO_CHAR(0.09,'9.999EEEE') from dual;
TO_CHAR(0.09,'9.999EEEE')
 9.000E-02
select '01.03.13-16' as _CASE_;
_CASE_
01.03.13-16
select TO_CHAR(0.0999,'9.9EEEE') from dual;
TO_CHAR(0.0999,'9.9EEEE')
 1.0E-01
select TO_CHAR(0.0999,'9.99EEEE') from dual;
TO_CHAR(0.0999,'9.99EEEE')
 9.99E-02
select TO_CHAR(0.09999,'9.99EEEE') from dual;
TO_CHAR(0.09999,'9.99EEEE')
 1.00E-01
select TO_CHAR(0.099,'9.999EEEE') from dual;
TO_CHAR(0.099,'9.999EEEE')
 9.900E-02
select '01.03.17-19' as _CASE_;
_CASE_
01.03.17-19
select TO_CHAR(0.00,'9.99EEEE') from dual;
TO_CHAR(0.00,'9.99EEEE')
  .00E+00
select TO_CHAR(0.00,'9.999EEEE') from dual;
TO_CHAR(0.00,'9.999EEEE')
  .000E+00
select TO_CHAR(0.0000,'9.999EEEE') from dual;
TO_CHAR(0.0000,'9.999EEEE')
  .000E+00
select '01.03.20-21' as _CASE_;
_CASE_
01.03.20-21
select TO_CHAR(1.9995,'9.999EEEE') from dual;
TO_CHAR(1.9995,'9.999EEEE')
 2.000E+00
select TO_CHAR(1.99,'9.999EEEE') from dual;
TO_CHAR(1.99,'9.999EEEE')
 1.990E+00
select '01.03.22-25' as _CASE_;
_CASE_
01.03.22-25
select TO_CHAR(388.99,'9.999EEEE') from dual;
TO_CHAR(388.99,'9.999EEEE')
 3.890E+02
select TO_CHAR(388.94,'9.9999EEEE') from dual;
TO_CHAR(388.94,'9.9999EEEE')
 3.8894E+02
select TO_CHAR(388.99,'9.99999EEEE') from dual;
TO_CHAR(388.99,'9.99999EEEE')
 3.88990E+02
select TO_CHAR(388.94,'9.999999EEEE') from dual;
TO_CHAR(388.94,'9.999999EEEE')
 3.889400E+02
select '01.03.26-27' as _CASE_;
_CASE_
01.03.26-27
select TO_CHAR(9.99,'9.9EEEE') from dual;
TO_CHAR(9.99,'9.9EEEE')
 1.0E+01
select TO_CHAR(9.99,'0.0EEEE') from dual;
TO_CHAR(9.99,'0.0EEEE')
 1.0E+01
select '01.03.28-32' as _CASE_;
_CASE_
01.03.28-32
select TO_CHAR(9.99,'9EEEE') from dual;
TO_CHAR(9.99,'9EEEE')
 1E+01
select TO_CHAR(123.99,'9EEEE') from dual;
TO_CHAR(123.99,'9EEEE')
 1E+02
select TO_CHAR(993.99,'9EEEE') from dual;
TO_CHAR(993.99,'9EEEE')
 1E+03
select TO_CHAR(933.99,'9EEEE') from dual;
TO_CHAR(933.99,'9EEEE')
 9E+02
select TO_CHAR(995.45678,'99999EEEE') from dual;
TO_CHAR(995.45678,'99999EEEE')
 1E+03
select '01.03.33-36' as _CASE_;
_CASE_
01.03.33-36
select TO_CHAR(9.99,'0EEEE') from dual;
TO_CHAR(9.99,'0EEEE')
 1E+01
select TO_CHAR(5,'9.99EEEE') from dual;
TO_CHAR(5,'9.99EEEE')
 5.00E+00
select TO_CHAR(0.5,'9EEEE') from dual;
TO_CHAR(0.5,'9EEEE')
 5E-01
select TO_CHAR(0.5,'9.9EEEE') from dual;
TO_CHAR(0.5,'9.9EEEE')
 5.0E-01
select '01.03.37-40' as _CASE_;
_CASE_
01.03.37-40
select TO_CHAR(0.0045678,'9EEEE') from dual;
TO_CHAR(0.0045678,'9EEEE')
 5E-03
select TO_CHAR(0.0045678,'9.9EEEE') from dual;
TO_CHAR(0.0045678,'9.9EEEE')
 4.6E-03
select TO_CHAR(0.0045678,'9.99EEEE') from dual;
TO_CHAR(0.0045678,'9.99EEEE')
 4.57E-03
select TO_CHAR(0.00000000000000000000000000000000000000000000000000000000000000000000000000000000000000000000000000000000000000000000000000000000099,'9.999EEEE') from dual;
TO_CHAR(0.00000000000000000000000000000000000000000000000000000000000000000000000000000000000000000000000000000000000000000000000000000000099,'9.999EEEE')
  .000E+00
select '01.03.41-45' as _CASE_;
_CASE_
01.03.41-45
select  to_char(12345,'9099') from dual;
to_char(12345,'9099')
#####
select TO_CHAR(123444444,'99900099.0000') from dual;
TO_CHAR(123444444,'99900099.0000')
##############
select to_char(1234,'99099') from dual;
to_char(1234,'99099')
  1234
select to_char(1234,'9099') from dual;
to_char(1234,'9099')
 1234
select to_char(12,'90099')  from dual;
to_char(12,'90099')
  0012
select '01.05.1-5' as _CASE_;
_CASE_
01.05.1-5
select TO_CHAR(1234,'$9999')   from dual;
TO_CHAR(1234,'$9999')
 $1234
select TO_CHAR(-567,'$9999')   from dual;
TO_CHAR(-567,'$9999')
 -$567
select TO_CHAR(-567,'99,$99')   from dual;
TO_CHAR(-567,'99,$99')
 -$5,67
select TO_CHAR(-999,'99,999$')   from dual;
TO_CHAR(-999,'99,999$')
   -$999
select TO_CHAR(-999,'99$')   from dual;
TO_CHAR(-999,'99$')
####
select '01.06.1-2' as _CASE_;
_CASE_
01.06.1-2
select TO_CHAR(567,'B999.9') from dual;
TO_CHAR(567,'B999.9')
 567.0
select TO_CHAR(0567,'B999.9') from dual;
TO_CHAR(0567,'B999.9')
 567.0
select '01.07.1-2' as _CASE_;
_CASE_
01.07.1-2
select TO_CHAR(567,'999MI') from dual;
TO_CHAR(567,'999MI')
567 
select TO_CHAR(-567,'999MI') from dual;
TO_CHAR(-567,'999MI')
567-
select '01.07.3-6' as _CASE_;
_CASE_
01.07.3-6
select TO_CHAR(567.56,'999.99MI') from dual;
TO_CHAR(567.56,'999.99MI')
567.56 
select TO_CHAR(-567.56,'999,9.99MI') from dual;
TO_CHAR(-567.56,'999,9.99MI')
 56,7.56-
select TO_CHAR(567.56,'999.9MI') from dual;
TO_CHAR(567.56,'999.9MI')
567.6 
select TO_CHAR(-567.56,'999.9MI') from dual;
TO_CHAR(-567.56,'999.9MI')
567.6-
select '01.07.7-12' as _CASE_;
_CASE_
01.07.7-12
select TO_CHAR(-0.9,'999.9MI') from dual;
TO_CHAR(-0.9,'999.9MI')
   .9-
select TO_CHAR(-0.99,'999.9MI') from dual;
TO_CHAR(-0.99,'999.9MI')
  1.0-
select TO_CHAR(0.99,'999.9MI') from dual;
TO_CHAR(0.99,'999.9MI')
  1.0 
select TO_CHAR(-567.56,'999.9S') from dual;
TO_CHAR(-567.56,'999.9S')
567.6-
select TO_CHAR(-567,'MI999') from dual;
ERROR 42000: Incorrect parameters in the call to native function 'to_char'
select TO_CHAR(-567,'99MI9') from dual;
ERROR 42000: Incorrect parameters in the call to native function 'to_char'
select '01.08.1-4' as _CASE_;
_CASE_
01.08.1-4
select TO_CHAR(567,'9999D99')  from dual;
TO_CHAR(567,'9999D99')
  567.00
select TO_CHAR(-567,'9999D99') from dual;
TO_CHAR(-567,'9999D99')
 -567.00
select TO_CHAR(567.866,'9999D99')  from dual;
TO_CHAR(567.866,'9999D99')
  567.87
select TO_CHAR(567.866,'9999.99')  from dual;
TO_CHAR(567.866,'9999.99')
  567.87
select '01.09.1-2' as _CASE_;
_CASE_
01.09.1-2
select TO_CHAR(567,'9999PR')  from dual;
TO_CHAR(567,'9999PR')
  567
select TO_CHAR(-567,'9999PR') from dual;
TO_CHAR(-567,'9999PR')
 <567>
select '01.10.1-4' as _CASE_;
_CASE_
01.10.1-4
select TO_CHAR(567,'S999')  from dual;
TO_CHAR(567,'S999')
+567
select TO_CHAR(-567,'S999') from dual;
TO_CHAR(-567,'S999')
-567
select TO_CHAR(567,'999S')  from dual;
TO_CHAR(567,'999S')
567+
select TO_CHAR(-567,'999S') from dual;
TO_CHAR(-567,'999S')
567-
select '01.10.5-8' as _CASE_;
_CASE_
01.10.5-8
select TO_CHAR(567.678,'S999.999')  from dual;
TO_CHAR(567.678,'S999.999')
+567.678
select TO_CHAR(-567.678,'S99,9.999') from dual;
TO_CHAR(-567.678,'S99,9.999')
-56,7.678
select TO_CHAR(567.678,'9,9,9.999S')  from dual;
TO_CHAR(567.678,'9,9,9.999S')
5,6,7.678+
select TO_CHAR(-567.678,'9,99.99S') from dual;
TO_CHAR(-567.678,'9,99.99S')
5,67.68-
select '01.10.9-14' as _CASE_;
_CASE_
01.10.9-14
select TO_CHAR(-567,'9999S') from dual;
TO_CHAR(-567,'9999S')
 567-
select TO_CHAR(-567,'99S') from dual;
TO_CHAR(-567,'99S')
###
Select TO_CHAR(567,'$9999S') from dual;
TO_CHAR(567,'$9999S')
 $567+
Select TO_CHAR(567,'$S9999') from dual;
ERROR 42000: Incorrect parameters in the call to native function 'to_char'
select TO_CHAR(-567,'$9999S') from dual;
TO_CHAR(-567,'$9999S')
 $567-
select TO_CHAR(-567,'99PR') from dual;
TO_CHAR(-567,'99PR')
####
select TO_CHAR(0)  from dual;
TO_CHAR(0)
0
select TO_CHAR(-0)  from dual;
TO_CHAR(-0)
0
select TO_CHAR(123)  from dual;
TO_CHAR(123)
123
select TO_CHAR(-123) from dual;
TO_CHAR(-123)
-123
select to_char(123456789012345678901234567890123456789012345678901234567890123456789012345678901) from dual;
to_char(123456789012345678901234567890123456789012345678901234567890123456789012345678901)
123456789012345678901234567890123456789012345678901234567890123456789012345678901
select to_char(1234567890123456789012345678901234567890123456789012345678901234567890123456789012) from dual;
to_char(1234567890123456789012345678901234567890123456789012345678901234567890123456789012)
99999999999999999999999999999999999999999999999999999999999999999
Warnings:
Warning	1292	Truncated incorrect DECIMAL value: '234567890123456789012345678901234567890123456789012345678901234567890123456789012'
select to_char(-123456789012345678901234567890123456789012345678901234567890123456789012345678901) from dual;
to_char(-123456789012345678901234567890123456789012345678901234567890123456789012345678901)
-123456789012345678901234567890123456789012345678901234567890123456789012345678901
select to_char(-1234567890123456789012345678901234567890123456789012345678901234567890123456789012) from dual;
to_char(-1234567890123456789012345678901234567890123456789012345678901234567890123456789012)
-99999999999999999999999999999999999999999999999999999999999999999
Warnings:
Warning	1292	Truncated incorrect DECIMAL value: '234567890123456789012345678901234567890123456789012345678901234567890123456789012'
select to_char(1.234) from dual;
to_char(1.234)
1.234
select to_char(0.123) from dual;
to_char(0.123)
0.123
select to_char(1.234567890123456789012345678901234567890123456789012345678901234567890123) from dual;
to_char(1.234567890123456789012345678901234567890123456789012345678901234567890123)
1.234567890123456789012345678901234567890123456789012345678901234567890123
select to_char(1.2345678901234567890123456789012345678901234567890123456789012345678901234) from dual;
to_char(1.2345678901234567890123456789012345678901234567890123456789012345678901234)
1.234567890123456789012345678901234567890123456789012345678901234567890123
select to_char(-1.234) from dual;
to_char(-1.234)
-1.234
select to_char(-0.123) from dual;
to_char(-0.123)
-0.123
select to_char(-1.234567890123456789012345678901234567890123456789012345678901234567890123) from dual;
to_char(-1.234567890123456789012345678901234567890123456789012345678901234567890123)
-1.234567890123456789012345678901234567890123456789012345678901234567890123
select to_char(-1.2345678901234567890123456789012345678901234567890123456789012345678901234) from dual;
to_char(-1.2345678901234567890123456789012345678901234567890123456789012345678901234)
-1.234567890123456789012345678901234567890123456789012345678901234567890123
select to_char(10*123) from dual;
to_char(10*123)
1230
select to_char(9994567890123456789012345678901234567890123456789012345678901234567890123456*99999) from dual;
to_char(9994567890123456789012345678901234567890123456789012345678901234567890123456*99999)
999446794444455555444445555544444555554444455555444445555544444555554444455476544
select to_char(9994567890123456789012345678901234567890123456789012345678901234567890123456*100001) from dual;
ERROR 22003: DECIMAL value is out of range in '(9994567890123456789012345678901234567890123456789012345678901234567890123456 * 100001)'
select to_char(-10*123) from dual;
to_char(-10*123)
-1230
select to_char(-10*-123) from dual;
to_char(-10*-123)
1230
select to_char(-9994567890123456789012345678901234567890123456789012345678901234567890123456*99999) from dual;
to_char(-9994567890123456789012345678901234567890123456789012345678901234567890123456*99999)
-999446794444455555444445555544444555554444455555444445555544444555554444455476544
select to_char(-9994567890123456789012345678901234567890123456789012345678901234567890123456*100001) from dual;
ERROR 22003: DECIMAL value is out of range in '(-(9994567890123456789012345678901234567890123456789012345678901234567890123456) * 100001)'
select to_char(1/4) from dual;
to_char(1/4)
0.2500
select to_char(1/3) from dual;
to_char(1/3)
0.3333
select to_char(0/3) from dual;
to_char(0/3)
0.0000
select to_char(3/3) from dual;
to_char(3/3)
1.0000
select to_char(3/0) from dual;
to_char(3/0)
NULL
Warnings:
Warning	1365	Division by 0
select to_char(3+0) from dual;
to_char(3+0)
3
select to_char(3+10) from dual;
to_char(3+10)
13
select to_char(3.3+10.7) from dual;
to_char(3.3+10.7)
14.0
select to_char(3-10) from dual;
to_char(3-10)
-7
select to_char(3-0) from dual;
to_char(3-0)
3
select to_char(3.0-0) from dual;
to_char(3.0-0)
3.0
select to_char('3.3+10.7') from dual;
to_char('3.3+10.7')
3.3+10.7
select to_char('3.3*10.7') from dual;
to_char('3.3*10.7')
3.3*10.7
select to_char('3/0') from dual;
to_char('3/0')
3/0
select to_char('3+') from dual;
to_char('3+')
3+
select to_char('3*') from dual;
to_char('3*')
3*
select to_char('12345678901234567890123456789012345678901234567890123456789012345678901234567890123567890123567890123567890123567890123567890') from dual;
to_char('12345678901234567890123456789012345678901234567890123456789012345678901234567890123567890123567890123567890123567890123567890')
12345678901234567890123456789012345678901234567890123456789012345678901234567890123567890123567890123567890123567890123567890
select to_char('<345>') from dual;
to_char('<345>')
<345>
select to_char(to_char(123));
to_char(to_char(123))
123
select  TO_CHAR(1234,'9999') from dual;
TO_CHAR(1234,'9999')
 1234
select  TO_CHAR(1234,'09999') from dual;
TO_CHAR(1234,'09999')
 01234
select  TO_CHAR(1234,'990099') from dual;
TO_CHAR(1234,'990099')
   1234
select  TO_CHAR(1234,'0990099') from dual;
TO_CHAR(1234,'0990099')
 0001234
select  TO_CHAR(567,'9999') from dual;
TO_CHAR(567,'9999')
  567
select  TO_CHAR(-567,'9999') from dual;
TO_CHAR(-567,'9999')
 -567
select  TO_CHAR(1234567,'9999') from dual;
TO_CHAR(1234567,'9999')
#####
select  TO_CHAR(45.789,'9999') from dual;
TO_CHAR(45.789,'9999')
   46
select  TO_CHAR(567,'9999.99') from dual;
TO_CHAR(567,'9999.99')
  567.00
select  TO_CHAR(-567,'9999.99')  from dual;
TO_CHAR(-567,'9999.99')
 -567.00
select  TO_CHAR(1234567,'9999.99') from dual;
TO_CHAR(1234567,'9999.99')
########
select  TO_CHAR(45.789,'9999.99') from dual;
TO_CHAR(45.789,'9999.99')
   45.79
select  TO_CHAR(567,'9,999,999')  from dual;
TO_CHAR(567,'9,999,999')
       567
select  TO_CHAR(-567,'9,999,999') from dual;
TO_CHAR(-567,'9,999,999')
      -567
select  TO_CHAR(1234567,'9,9999,999') from dual;
TO_CHAR(1234567,'9,9999,999')
   1234,567
select  TO_CHAR(0.44,'9,999,999')  from dual;
TO_CHAR(0.44,'9,999,999')
         0
select  TO_CHAR(1234,'$9999') from dual;
TO_CHAR(1234,'$9999')
 $1234
select  TO_CHAR(-567,'$9999') from dual;
TO_CHAR(-567,'$9999')
 -$567
select  TO_CHAR(567,'B999.9')  from dual;
TO_CHAR(567,'B999.9')
 567.0
select  TO_CHAR(-567,'B999.9') from dual;
TO_CHAR(-567,'B999.9')
-567.0
select  TO_CHAR(0.44,'B999.9')  from dual;
TO_CHAR(0.44,'B999.9')
    .4
select  TO_CHAR(567,'999MI')  from dual;
TO_CHAR(567,'999MI')
567 
select  TO_CHAR(-567,'999MI') from dual;
TO_CHAR(-567,'999MI')
567-
select  TO_CHAR(567,'S999')  from dual;
TO_CHAR(567,'S999')
+567
select  TO_CHAR(-567,'S999')  from dual;
TO_CHAR(-567,'S999')
-567
select  TO_CHAR(567,'999S')   from dual;
TO_CHAR(567,'999S')
567+
select  TO_CHAR(-567,'999S')  from dual;
TO_CHAR(-567,'999S')
567-
select  TO_CHAR(567,'9999PR')  from dual;
TO_CHAR(567,'9999PR')
  567
select  TO_CHAR(-567,'9999PR')  from dual;
TO_CHAR(-567,'9999PR')
 <567>
select  TO_CHAR(123456.123456,'999999999.999999999')  from dual;
TO_CHAR(123456.123456,'999999999.999999999')
    123456.123456000
select  TO_CHAR(123456.123456,'FM999999999.999999999')  from dual;
TO_CHAR(123456.123456,'FM999999999.999999999')
123456.123456
select  TO_CHAR(123456.123456,'fm999999999.999999999')  from dual;
TO_CHAR(123456.123456,'fm999999999.999999999')
123456.123456
select  TO_CHAR(123456.123456,'fM999999999.999999999')  from dual;
TO_CHAR(123456.123456,'fM999999999.999999999')
123456.123456
select  TO_CHAR(123456.123456,'Fm999999999.999999999')  from dual;
TO_CHAR(123456.123456,'Fm999999999.999999999')
123456.123456
select  TO_CHAR(-123456.123456,'FM999999999.999999999')  from dual;
TO_CHAR(-123456.123456,'FM999999999.999999999')
-123456.123456
select  TO_CHAR(123456.123456,'FM099999999.999999999')  from dual;
TO_CHAR(123456.123456,'FM099999999.999999999')
000123456.123456
select  TO_CHAR(123456.123456,'FM999999999.999999900')  from dual;
TO_CHAR(123456.123456,'FM999999999.999999900')
123456.123456000
select  TO_CHAR(123456.123456,'FM999999999.999990099')  from dual;
TO_CHAR(123456.123456,'FM999999999.999990099')
123456.1234560
select  TO_CHAR(-123456.123456,'FM9,99,999.999990099')  from dual;
TO_CHAR(-123456.123456,'FM9,99,999.999990099')
-1,23,456.1234560
select  TO_CHAR(567,'9999D99')  from dual;
TO_CHAR(567,'9999D99')
  567.00
select  TO_CHAR(-567,'9999D99') from dual;
TO_CHAR(-567,'9999D99')
 -567.00
select  TO_CHAR(567.866,'9999D99') from dual;
TO_CHAR(567.866,'9999D99')
  567.87
select  TO_CHAR(1234,'   9999') result from dual;
ERROR 42000: Incorrect parameters in the call to native function 'to_char'
select  TO_CHAR(1234,'99a99') result from dual;
ERROR 42000: Incorrect parameters in the call to native function 'to_char'
select  TO_CHAR(123456.123456,'999999999.99.9999999')  from dual;
ERROR 42000: Incorrect parameters in the call to native function 'to_char'
select  TO_CHAR(123456.123456,'999999D999.999999999')  from dual;
ERROR 42000: Incorrect parameters in the call to native function 'to_char'
select  TO_CHAR(123456.123456,'999999999.999D999999')  from dual;
ERROR 42000: Incorrect parameters in the call to native function 'to_char'
select  TO_CHAR(123456.123456,'999999D999D999999999')  from dual;
ERROR 42000: Incorrect parameters in the call to native function 'to_char'
select  TO_CHAR(123456.123456,'999999,999.999990099')  from dual;
TO_CHAR(123456.123456,'999999,999.999990099')
    123,456.123456000
select  TO_CHAR(123456.123456,'9999,99,999.999990099')  from dual;
TO_CHAR(123456.123456,'9999,99,999.999990099')
    1,23,456.123456000
select  TO_CHAR(123456.123456,'99,99,99,999.999990099')  from dual;
TO_CHAR(123456.123456,'99,99,99,999.999990099')
     1,23,456.123456000
select  TO_CHAR(123456.123456,'FM,99,99,999.999990099')  from dual;
TO_CHAR(123456.123456,'FM,99,99,999.999990099')
1,23,456.1234560
select  TO_CHAR(123456.123456,'99,99,99,999.999,90099')  from dual;
ERROR 42000: Incorrect parameters in the call to native function 'to_char'
select  TO_CHAR(567,'9.9EEEE') from dual;
TO_CHAR(567,'9.9EEEE')
 5.7E+02
select  TO_CHAR(45,'9.9EEEE') from dual;
TO_CHAR(45,'9.9EEEE')
 4.5E+01
select  TO_CHAR(0.0666,'9.9EEEE') from dual;
TO_CHAR(0.0666,'9.9EEEE')
 6.7E-02
select  TO_CHAR(1234,9999) from dual;
TO_CHAR(1234,9999)
 1234
select  TO_CHAR(1234,09999) from dual;
TO_CHAR(1234,09999)
 1234
select  TO_CHAR(1234,00009999) from dual;
TO_CHAR(1234,00009999)
 1234
select  TO_CHAR(1234,900009999) from dual;
TO_CHAR(1234,900009999)
  00001234
select  TO_CHAR(123456789,9999999999999999999) from dual;
TO_CHAR(123456789,9999999999999999999)
           123456789
select  TO_CHAR(1.2,9.9) from dual;
TO_CHAR(1.2,9.9)
 1.2
select  TO_CHAR(12.34,99.99) from dual;
TO_CHAR(12.34,99.99)
 12.34
select  TO_CHAR(123456789.123456789,99999999999999.999999999) from dual;
TO_CHAR(123456789.123456789,99999999999999.999999999)
      123456789.123456789
select  TO_CHAR(123456789.123456789,009999999999.9999999999) from dual;
TO_CHAR(123456789.123456789,009999999999.9999999999)
  123456789.1234567890
select  TO_CHAR(-123456789,9999999999999999999MI) from dual;
ERROR 42000: Incorrect parameters in the call to native function 'to_char'
select  TO_CHAR(-123456789,99999999s99999999999) from dual;
ERROR 42000: Incorrect parameters in the call to native function 'to_char'
select  TO_CHAR(1234,MISS) from dual;
ERROR 42000: Incorrect parameters in the call to native function 'to_char'
select  TO_CHAR(1234,'MISS') from dual;
TO_CHAR(1234,'MISS')
NULL
Warnings:
Warning	1292	Incorrect datetime value: '1234'
select  TO_CHAR(2020-04-15,9999) from dual;
TO_CHAR(2020-04-15,9999)
 2001
select  TO_CHAR('2020/04/15','9999') from dual;
ERROR 42000: Incorrect parameters in the call to native function 'to_char'
select  TO_CHAR(           123 ,'9999') from dual;
TO_CHAR(           123 ,'9999')
  123
select  TO_CHAR( '          123' ,'9999') from dual;
TO_CHAR( '          123' ,'9999')
  123
select  TO_CHAR( '123' ,'9999') from dual;
TO_CHAR( '123' ,'9999')
  123
select  TO_CHAR( $123 ,'9999') from dual;
ERROR 42S22: Unknown column '$123' in 'field list'
select  TO_CHAR( '$123' ,'9999') from dual;
ERROR 42000: Incorrect parameters in the call to native function 'to_char'
select  TO_CHAR( '$123' ,'999999999999') from dual;
ERROR 42000: Incorrect parameters in the call to native function 'to_char'
select to_char(99.4.9,'99.99') result from dual;
ERROR 42000: You have an error in your SQL syntax; check the manual that corresponds to your MySQL server version for the right syntax to use near '.9,'99.99') result from dual' at line 1
select to_char('99.4.9','99.99') result from dual;
ERROR 42000: Incorrect parameters in the call to native function 'to_char'
select to_char('--123','9.9EEEE') from dual;
ERROR 42000: Incorrect parameters in the call to native function 'to_char'
select to_char(123456789012345678901234567890123456789012345678901234567890123456789012345678901235678901235678901235678901235678,'9999999999999999999999999999999999999999999999999999999999999999999999999999999999999999999999999999999999999999999999999999999999999');
to_char(123456789012345678901234567890123456789012345678901234567890123456789012345678901235678901235678901235678901235678,'99999999999999999999999999999999999999999999999999999999999999999999999999999999999999999999999999999999999999999999999999999999999
                                                                     99999999999999999999999999999999999999999999999999999999999999999
Warnings:
Warning	1292	Truncated incorrect DECIMAL value: '456789012345678901234567890123456789012345678901235678901235678901235678901235678'
select to_char(99.99,'099') result from dual;
result
 100
select to_char(99.9999,'099.99') result from dual;
result
 100.00
select to_char(99.9999,'99') result from dual;
result
###
select to_char(99.4999,'99') result from dual;
result
 99
select to_char(99.4999,'099.99') result from dual;
result
 099.50
select to_char(99.4949,'99.99') result from dual;
result
 99.49
select to_char(99.49,'099') result from dual;
result
 099
select to_char(99.49,'99') result from dual;
result
 99
select to_char(0,'9990.99') from dual;
to_char(0,'9990.99')
    0.00
select to_char(0,'9900.99') from dual;
to_char(0,'9900.99')
   00.00
select to_char(0,'9999.99') from dual;
to_char(0,'9999.99')
     .00
select to_char(0,'0990.99') from dual;
to_char(0,'0990.99')
 0000.00
select lower(to_char('SQL Course')) from dual;
lower(to_char('SQL Course'))
sql course
