create database yxx;
use yxx;
set names utf8mb4;
############################## RANGE PARTITION, HASH SUBPARTITION ###############################
CREATE TABLE t1 (id INT, purchased DATE)
PARTITION BY RANGE( YEAR(purchased) )
SUBPARTITION BY HASH( TO_DAYS(purchased) )
SUBPARTITIONS 2 (
PARTITION p0 VALUES LESS THAN (2000),
PARTITION p1 VALUES LESS THAN (2020),
PARTITION p2 VALUES LESS THAN MAXVALUE
);
create procedure filldata()
begin
delete from t1;
insert into t1 values (1, '1994-10-24'), (2, '1999-10-25'), (3, '2005-10-24'), (4, '2015-10-25'), (5, '2020-10-24'), (6, '2021-10-24');
end;
/
create procedure checkdata()
begin
select "Start checking data ..." from dual;
select * from t1 partition (p0sp0);
select * from t1 partition (p0sp1);
select * from t1 partition (p1sp0);
select * from t1 partition (p1sp1);
select * from t1 partition (p2sp0);
select * from t1 partition (p2sp1);
select "End checking data ..." from dual;
end;
/
#########################################################################
# test-1 mysql_mode, no specified names of subpartition
#########################################################################
set @@parse_mode = 1;
call filldata();
call checkdata();
Start checking data ...
Start checking data ...
id	purchased
1	1994-10-24
id	purchased
2	1999-10-25
id	purchased
3	2005-10-24
id	purchased
4	2015-10-25
id	purchased
6	2021-10-24
id	purchased
5	2020-10-24
End checking data ...
End checking data ...
# do truncate partition to a non-existed partition
alter table t1 truncate partition p3;
ERROR HY000: Unknown partition 'p3' in table 't1'
# do truncate partition to a non-existed subpartition
alter table t1 truncate partition p0sp2;
ERROR HY000: Unknown partition 'p0sp2' in table 't1'
# do truncate partition to an existed partition
call filldata();
alter table t1 truncate partition p0;
call checkdata();
Start checking data ...
Start checking data ...
id	purchased
id	purchased
id	purchased
3	2005-10-24
id	purchased
4	2015-10-25
id	purchased
6	2021-10-24
id	purchased
5	2020-10-24
End checking data ...
End checking data ...
# do truncate partition to an existed subpartition
call filldata();
alter table t1 truncate partition p1sp0;
call checkdata();
Start checking data ...
Start checking data ...
id	purchased
1	1994-10-24
id	purchased
2	1999-10-25
id	purchased
id	purchased
4	2015-10-25
id	purchased
6	2021-10-24
id	purchased
5	2020-10-24
End checking data ...
End checking data ...
call filldata();
# do truncate subpartition to a non-existed partition
alter table t1 truncate subpartition p8;
ERROR HY000: Unknown partition 'p8' in table 't1'
# do truncate subpartition to a non-existed subpartition
alter table t1 truncate subpartition p0sp2;
ERROR HY000: Unknown partition 'p0sp2' in table 't1'
# do truncate subpartition to an existed partition
alter table t1 truncate subpartition p0;
ERROR HY000: Unknown partition 'p0' in table 't1'
# do truncate subpartition to an existed subpartition
call filldata();
alter table t1 truncate subpartition p0sp1;
call checkdata();
Start checking data ...
Start checking data ...
id	purchased
1	1994-10-24
id	purchased
id	purchased
3	2005-10-24
id	purchased
4	2015-10-25
id	purchased
6	2021-10-24
id	purchased
5	2020-10-24
End checking data ...
End checking data ...
#########################################################################
# test-2 oracle_mode, no specified names of subpartition
#########################################################################
set @@parse_mode = 2;
call filldata();
call checkdata();
Start checking data ...
Start checking data ...
id	purchased
1	1994-10-24
id	purchased
2	1999-10-25
id	purchased
3	2005-10-24
id	purchased
4	2015-10-25
id	purchased
6	2021-10-24
id	purchased
5	2020-10-24
End checking data ...
End checking data ...
# do truncate partition to a non-existed partition
alter table t1 truncate partition p3;
ERROR HY000: Unknown partition 'p3' in table 't1'
# do truncate partition to a non-existed subpartition
alter table t1 truncate partition p0sp2;
ERROR HY000: Unknown partition 'p0sp2' in table 't1'
# do truncate partition to an existed partition
call filldata();
alter table t1 truncate partition p0;
call checkdata();
Start checking data ...
Start checking data ...
id	purchased
id	purchased
id	purchased
3	2005-10-24
id	purchased
4	2015-10-25
id	purchased
6	2021-10-24
id	purchased
5	2020-10-24
End checking data ...
End checking data ...
# do truncate partition to an existed subpartition
alter table t1 truncate partition p1sp0;
ERROR HY000: Unknown partition 'p1sp0' in table 't1'
# do truncate subpartition to a non-existed partition
alter table t1 truncate subpartition p8;
ERROR HY000: Unknown partition 'p8' in table 't1'
# do truncate subpartition to a non-existed subpartition
alter table t1 truncate subpartition p0sp2;
ERROR HY000: Unknown partition 'p0sp2' in table 't1'
# do truncate subpartition to an existed partition
alter table t1 truncate subpartition p0;
ERROR HY000: Unknown partition 'p0' in table 't1'
# do truncate subpartition to an existed subpartition
call filldata();
alter table t1 truncate subpartition p0sp1;
call checkdata();
Start checking data ...
Start checking data ...
id	purchased
1	1994-10-24
id	purchased
id	purchased
3	2005-10-24
id	purchased
4	2015-10-25
id	purchased
6	2021-10-24
id	purchased
5	2020-10-24
End checking data ...
End checking data ...
drop table if exists t1;
drop procedure if exists filldata;
drop procedure if exists checkdata;
CREATE TABLE t1 (id INT, purchased DATE)
PARTITION BY RANGE( YEAR(purchased) )
SUBPARTITION BY HASH( TO_DAYS(purchased) ) (
PARTITION p0 VALUES LESS THAN (2000) (
SUBPARTITION s0,
SUBPARTITION s1
),
PARTITION p1 VALUES LESS THAN (2020) (
SUBPARTITION s2,
SUBPARTITION s3
),
PARTITION p2 VALUES LESS THAN MAXVALUE (
SUBPARTITION s4,
SUBPARTITION s5
)
);
create procedure filldata()
begin
delete from t1;
insert into t1 values (1, '1994-10-24'), (2, '1999-10-25'), (3, '2005-10-24'), (4, '2015-10-25'), (5, '2020-10-24'), (6, '2021-10-24');
end;
/
create procedure checkdata()
begin
select "Start checking data ..." from dual;
select * from t1 partition (s0);
select * from t1 partition (s1);
select * from t1 partition (s2);
select * from t1 partition (s3);
select * from t1 partition (s4);
select * from t1 partition (s5);
select "End checking data ..." from dual;
end;
/
#########################################################################
# test-3 mysql_mode, with specified names of subpartition
#########################################################################
set @@parse_mode = 1;
call filldata();
call checkdata();
Start checking data ...
Start checking data ...
id	purchased
1	1994-10-24
id	purchased
2	1999-10-25
id	purchased
3	2005-10-24
id	purchased
4	2015-10-25
id	purchased
6	2021-10-24
id	purchased
5	2020-10-24
End checking data ...
End checking data ...
# do truncate partition to a non-existed partition
alter table t1 truncate partition p3;
ERROR HY000: Unknown partition 'p3' in table 't1'
# do truncate partition to a non-existed subpartition
alter table t1 truncate partition p0sp0;
ERROR HY000: Unknown partition 'p0sp0' in table 't1'
# do truncate partition to an existed partition
call filldata();
alter table t1 truncate partition p0;
call checkdata();
Start checking data ...
Start checking data ...
id	purchased
id	purchased
id	purchased
3	2005-10-24
id	purchased
4	2015-10-25
id	purchased
6	2021-10-24
id	purchased
5	2020-10-24
End checking data ...
End checking data ...
# do truncate partition to an existed subpartition
call filldata();
alter table t1 truncate partition s2;
call checkdata();
Start checking data ...
Start checking data ...
id	purchased
1	1994-10-24
id	purchased
2	1999-10-25
id	purchased
id	purchased
4	2015-10-25
id	purchased
6	2021-10-24
id	purchased
5	2020-10-24
End checking data ...
End checking data ...
# do truncate subpartition to a non-existed partition
alter table t1 truncate subpartition p8;
ERROR HY000: Unknown partition 'p8' in table 't1'
# do truncate subpartition to a non-existed subpartition
alter table t1 truncate subpartition p0sp1;
ERROR HY000: Unknown partition 'p0sp1' in table 't1'
# do truncate subpartition to an existed partition
alter table t1 truncate subpartition p0;
ERROR HY000: Unknown partition 'p0' in table 't1'
# do truncate subpartition to an existed subpartition
call filldata();
alter table t1 truncate subpartition s2;
call checkdata();
Start checking data ...
Start checking data ...
id	purchased
1	1994-10-24
id	purchased
2	1999-10-25
id	purchased
id	purchased
4	2015-10-25
id	purchased
6	2021-10-24
id	purchased
5	2020-10-24
End checking data ...
End checking data ...
#########################################################################
# test-4 oracle_mode, with specified names of subpartition
#########################################################################
set @@parse_mode = 2;
call filldata();
call checkdata();
Start checking data ...
Start checking data ...
id	purchased
1	1994-10-24
id	purchased
2	1999-10-25
id	purchased
3	2005-10-24
id	purchased
4	2015-10-25
id	purchased
6	2021-10-24
id	purchased
5	2020-10-24
End checking data ...
End checking data ...
# do truncate partition to a non-existed partition
alter table t1 truncate partition p3;
ERROR HY000: Unknown partition 'p3' in table 't1'
# do truncate partition to a non-existed subpartition
alter table t1 truncate partition p0sp1;
ERROR HY000: Unknown partition 'p0sp1' in table 't1'
# do truncate partition to an existed partition
call filldata();
alter table t1 truncate partition p0;
call checkdata();
Start checking data ...
Start checking data ...
id	purchased
id	purchased
id	purchased
3	2005-10-24
id	purchased
4	2015-10-25
id	purchased
6	2021-10-24
id	purchased
5	2020-10-24
End checking data ...
End checking data ...
# do truncate partition to an existed subpartition
alter table t1 truncate partition s5;
ERROR HY000: Unknown partition 's5' in table 't1'
# do truncate subpartition to a non-existed partition
alter table t1 truncate subpartition p8;
ERROR HY000: Unknown partition 'p8' in table 't1'
# do truncate subpartition to a non-existed subpartition
alter table t1 truncate subpartition p0sp0;
ERROR HY000: Unknown partition 'p0sp0' in table 't1'
# do truncate subpartition to an existed partition
alter table t1 truncate subpartition p0;
ERROR HY000: Unknown partition 'p0' in table 't1'
# do truncate subpartition to an existed subpartition
call filldata();
alter table t1 truncate subpartition s5;
call checkdata();
Start checking data ...
Start checking data ...
id	purchased
1	1994-10-24
id	purchased
2	1999-10-25
id	purchased
3	2005-10-24
id	purchased
4	2015-10-25
id	purchased
6	2021-10-24
id	purchased
End checking data ...
End checking data ...
############################## LIST PARTITION, KEY SUBPARTITION ###############################
drop table if exists t1;
drop procedure if exists filldata;
drop procedure if exists checkdata;
CREATE TABLE t1 (id INT, purchased DATE)
PARTITION BY LIST( YEAR(purchased) )
SUBPARTITION BY KEY( id )
SUBPARTITIONS 2 (
PARTITION p0 VALUES IN (1994,1999),
PARTITION p1 VALUES IN (2005,2015),
PARTITION p2 VALUES IN (2020,2021)
);
create or replace procedure filldata()
begin
delete from t1;
insert into t1 values (1, '1994-10-24'), (2, '1999-10-25'), (3, '2005-10-24'), (4, '2015-10-25'), (5, '2020-10-24'), (6, '2021-10-24');
end;
/
create procedure checkdata()
begin
select "Start checking data ..." from dual;
select * from t1 partition (p0sp0);
select * from t1 partition (p0sp1);
select * from t1 partition (p1sp0);
select * from t1 partition (p1sp1);
select * from t1 partition (p2sp0);
select * from t1 partition (p2sp1);
select "End checking data ..." from dual;
end;
/
#########################################################################
# test-5 mysql_mode, no specified names of subpartition
#########################################################################
set @@parse_mode = 1;
call filldata();
call checkdata();
Start checking data ...
Start checking data ...
id	purchased
1	1994-10-24
id	purchased
2	1999-10-25
id	purchased
3	2005-10-24
id	purchased
4	2015-10-25
id	purchased
5	2020-10-24
id	purchased
6	2021-10-24
End checking data ...
End checking data ...
# do truncate partition to a non-existed partition
alter table t1 truncate partition p3;
ERROR HY000: Unknown partition 'p3' in table 't1'
# do truncate partition to a non-existed subpartition
alter table t1 truncate partition p0sp2;
ERROR HY000: Unknown partition 'p0sp2' in table 't1'
# do truncate partition to an existed partition
call filldata();
alter table t1 truncate partition p0;
call checkdata();
Start checking data ...
Start checking data ...
id	purchased
id	purchased
id	purchased
3	2005-10-24
id	purchased
4	2015-10-25
id	purchased
5	2020-10-24
id	purchased
6	2021-10-24
End checking data ...
End checking data ...
# do truncate partition to an existed subpartition
call filldata();
alter table t1 truncate partition p1sp0;
call checkdata();
Start checking data ...
Start checking data ...
id	purchased
1	1994-10-24
id	purchased
2	1999-10-25
id	purchased
id	purchased
4	2015-10-25
id	purchased
5	2020-10-24
id	purchased
6	2021-10-24
End checking data ...
End checking data ...
# do truncate subpartition to a non-existed partition
alter table t1 truncate subpartition p8;
ERROR HY000: Unknown partition 'p8' in table 't1'
# do truncate subpartition to a non-existed subpartition
alter table t1 truncate subpartition p0sp2;
ERROR HY000: Unknown partition 'p0sp2' in table 't1'
# do truncate subpartition to an existed partition
alter table t1 truncate subpartition p0;
ERROR HY000: Unknown partition 'p0' in table 't1'
# do truncate subpartition to an existed subpartition
call filldata();
alter table t1 truncate subpartition p0sp1;
call checkdata();
Start checking data ...
Start checking data ...
id	purchased
1	1994-10-24
id	purchased
id	purchased
3	2005-10-24
id	purchased
4	2015-10-25
id	purchased
5	2020-10-24
id	purchased
6	2021-10-24
End checking data ...
End checking data ...
#########################################################################
# test-6 oracle_mode, no specified names of subpartition
#########################################################################
set @@parse_mode = 2;
call filldata();
call checkdata();
Start checking data ...
Start checking data ...
id	purchased
1	1994-10-24
id	purchased
2	1999-10-25
id	purchased
3	2005-10-24
id	purchased
4	2015-10-25
id	purchased
5	2020-10-24
id	purchased
6	2021-10-24
End checking data ...
End checking data ...
# do truncate partition to a non-existed partition
alter table t1 truncate partition p3;
ERROR HY000: Unknown partition 'p3' in table 't1'
# do truncate partition to a non-existed subpartition
alter table t1 truncate partition p0sp2;
ERROR HY000: Unknown partition 'p0sp2' in table 't1'
# do truncate partition to an existed partition
call filldata();
alter table t1 truncate partition p0;
call checkdata();
Start checking data ...
Start checking data ...
id	purchased
id	purchased
id	purchased
3	2005-10-24
id	purchased
4	2015-10-25
id	purchased
5	2020-10-24
id	purchased
6	2021-10-24
End checking data ...
End checking data ...
# do truncate partition to an existed subpartition
alter table t1 truncate partition p1sp0;
ERROR HY000: Unknown partition 'p1sp0' in table 't1'
# do truncate subpartition to a non-existed partition
alter table t1 truncate subpartition p8;
ERROR HY000: Unknown partition 'p8' in table 't1'
# do truncate subpartition to a non-existed subpartition
alter table t1 truncate subpartition p0sp2;
ERROR HY000: Unknown partition 'p0sp2' in table 't1'
# do truncate subpartition to an existed partition
alter table t1 truncate subpartition p0;
ERROR HY000: Unknown partition 'p0' in table 't1'
# do truncate subpartition to an existed subpartition
call filldata();
alter table t1 truncate subpartition p0sp1;
call checkdata();
Start checking data ...
Start checking data ...
id	purchased
1	1994-10-24
id	purchased
id	purchased
3	2005-10-24
id	purchased
4	2015-10-25
id	purchased
5	2020-10-24
id	purchased
6	2021-10-24
End checking data ...
End checking data ...
drop table if exists t1;
drop procedure if exists filldata;
drop procedure if exists checkdata;
CREATE TABLE t1 (id INT, purchased DATE)
PARTITION BY LIST( YEAR(purchased) )
SUBPARTITION BY KEY( id ) (
PARTITION p0 VALUES IN (1994,1999) (
SUBPARTITION s0,
SUBPARTITION s1
),
PARTITION p1 VALUES IN (2005,2015) (
SUBPARTITION s2,
SUBPARTITION s3
),
PARTITION p2 VALUES IN (2020,2021) (
SUBPARTITION s4,
SUBPARTITION s5
)
);
create procedure filldata()
begin
delete from t1;
insert into t1 values (1, '1994-10-24'), (2, '1999-10-25'), (3, '2005-10-24'), (4, '2015-10-25'), (5, '2020-10-24'), (6, '2021-10-24');
end;
/
create procedure checkdata()
begin
select "Start checking data ..." from dual;
select * from t1 partition (s0);
select * from t1 partition (s1);
select * from t1 partition (s2);
select * from t1 partition (s3);
select * from t1 partition (s4);
select * from t1 partition (s5);
select "End checking data ..." from dual;
end;
/
#########################################################################
# test-7 mysql_mode, with specified names of subpartition
#########################################################################
set @@parse_mode = 1;
call filldata();
call checkdata();
Start checking data ...
Start checking data ...
id	purchased
1	1994-10-24
id	purchased
2	1999-10-25
id	purchased
3	2005-10-24
id	purchased
4	2015-10-25
id	purchased
5	2020-10-24
id	purchased
6	2021-10-24
End checking data ...
End checking data ...
# do truncate partition to a non-existed partition
alter table t1 truncate partition p3;
ERROR HY000: Unknown partition 'p3' in table 't1'
# do truncate partition to a non-existed subpartition
alter table t1 truncate partition p0sp0;
ERROR HY000: Unknown partition 'p0sp0' in table 't1'
# do truncate partition to an existed partition
call filldata();
alter table t1 truncate partition p0;
call checkdata();
Start checking data ...
Start checking data ...
id	purchased
id	purchased
id	purchased
3	2005-10-24
id	purchased
4	2015-10-25
id	purchased
5	2020-10-24
id	purchased
6	2021-10-24
End checking data ...
End checking data ...
# do truncate partition to an existed subpartition
call filldata();
alter table t1 truncate partition s2;
call checkdata();
Start checking data ...
Start checking data ...
id	purchased
1	1994-10-24
id	purchased
2	1999-10-25
id	purchased
id	purchased
4	2015-10-25
id	purchased
5	2020-10-24
id	purchased
6	2021-10-24
End checking data ...
End checking data ...
# do truncate subpartition to a non-existed partition
alter table t1 truncate subpartition p8;
ERROR HY000: Unknown partition 'p8' in table 't1'
# do truncate subpartition to a non-existed subpartition
alter table t1 truncate subpartition p0sp1;
ERROR HY000: Unknown partition 'p0sp1' in table 't1'
# do truncate subpartition to an existed partition
alter table t1 truncate subpartition p0;
ERROR HY000: Unknown partition 'p0' in table 't1'
# do truncate subpartition to an existed subpartition
call filldata();
alter table t1 truncate subpartition s2;
call checkdata();
Start checking data ...
Start checking data ...
id	purchased
1	1994-10-24
id	purchased
2	1999-10-25
id	purchased
id	purchased
4	2015-10-25
id	purchased
5	2020-10-24
id	purchased
6	2021-10-24
End checking data ...
End checking data ...
#########################################################################
# test-8 oracle_mode, with specified names of subpartition
#########################################################################
set @@parse_mode = 2;
call filldata();
call checkdata();
Start checking data ...
Start checking data ...
id	purchased
1	1994-10-24
id	purchased
2	1999-10-25
id	purchased
3	2005-10-24
id	purchased
4	2015-10-25
id	purchased
5	2020-10-24
id	purchased
6	2021-10-24
End checking data ...
End checking data ...
# do truncate partition to a non-existed partition
alter table t1 truncate partition p3;
ERROR HY000: Unknown partition 'p3' in table 't1'
# do truncate partition to a non-existed subpartition
alter table t1 truncate partition p0sp1;
ERROR HY000: Unknown partition 'p0sp1' in table 't1'
# do truncate partition to an existed partition
call filldata();
alter table t1 truncate partition p0;
call checkdata();
Start checking data ...
Start checking data ...
id	purchased
id	purchased
id	purchased
3	2005-10-24
id	purchased
4	2015-10-25
id	purchased
5	2020-10-24
id	purchased
6	2021-10-24
End checking data ...
End checking data ...
# do truncate partition to an existed subpartition
alter table t1 truncate partition s5;
ERROR HY000: Unknown partition 's5' in table 't1'
# do truncate subpartition to a non-existed partition
alter table t1 truncate subpartition p8;
ERROR HY000: Unknown partition 'p8' in table 't1'
# do truncate subpartition to a non-existed subpartition
alter table t1 truncate subpartition p0sp0;
ERROR HY000: Unknown partition 'p0sp0' in table 't1'
# do truncate subpartition to an existed partition
alter table t1 truncate subpartition p0;
ERROR HY000: Unknown partition 'p0' in table 't1'
# do truncate subpartition to an existed subpartition
call filldata();
alter table t1 truncate subpartition s5;
call checkdata();
Start checking data ...
Start checking data ...
id	purchased
1	1994-10-24
id	purchased
2	1999-10-25
id	purchased
3	2005-10-24
id	purchased
4	2015-10-25
id	purchased
5	2020-10-24
id	purchased
End checking data ...
End checking data ...
############################## SOME OTHER TESTS ###############################
#########################################################################
# test-9 prepared statement
#########################################################################
set @@parse_mode = 1;
call filldata();
prepare stmt from "alter table t1 truncate partition p0";
select * from t1 partition (p0);
id	purchased
1	1994-10-24
2	1999-10-25
execute stmt;
select * from t1 partition (p0);
id	purchased
call filldata();
prepare stmt from "alter table t1 truncate partition s0";
select * from t1 partition (p0);
id	purchased
1	1994-10-24
2	1999-10-25
execute stmt;
select * from t1 partition (p0);
id	purchased
2	1999-10-25
call filldata();
set @@parse_mode = 1;
prepare stmt from "alter table t1 truncate subpartition p0";
execute stmt;
ERROR HY000: Unknown partition 'p0' in table 't1'
call filldata();
prepare stmt from "alter table t1 truncate subpartition s0";
select * from t1 partition (p0);
id	purchased
1	1994-10-24
2	1999-10-25
execute stmt;
select * from t1 partition (p0);
id	purchased
2	1999-10-25
set @@parse_mode = 2;
call filldata();
prepare stmt from "alter table t1 truncate partition p0";
select * from t1 partition (p0);
id	purchased
1	1994-10-24
2	1999-10-25
execute stmt;
select * from t1 partition (p0);
id	purchased
call filldata();
prepare stmt from "alter table t1 truncate partition s0";
execute stmt;
ERROR HY000: Unknown partition 's0' in table 't1'
set @@parse_mode = 2;
call filldata();
prepare stmt from "alter table t1 truncate subpartition p0";
execute stmt;
ERROR HY000: Unknown partition 'p0' in table 't1'
prepare stmt from "alter table t1 truncate subpartition s0";
call filldata();
select * from t1 partition (p0);
id	purchased
1	1994-10-24
2	1999-10-25
execute stmt;
select * from t1 partition (p0);
id	purchased
2	1999-10-25
set @@parse_mode = 1;
call filldata();
prepare stmt from "alter table t1 truncate subpartition s0";
execute stmt;
select * from t1 partition (p0);
id	purchased
2	1999-10-25
call filldata();
execute stmt;
select * from t1 partition (p0);
id	purchased
2	1999-10-25
#########################################################################
# test-10 truncate subpartition in procedure
#########################################################################
call filldata();
set @@parse_mode = 2;
# truncate subpartition should works normally
declare
a int;
begin
alter table t1 truncate subpartition s0;
end;
/
select * from t1 partition (p0);
id	purchased
2	1999-10-25
# truncate subpartition leads to implicit-commit
call filldata();
create table tt (id int, age int);
declare
a int;
begin
insert into tt values (1,1), (2,2);
alter table t1 truncate subpartition s0;
rollback;
end;
/
select * from tt;
id	age
1	1
2	2
select * from t1 partition (p0);
id	purchased
2	1999-10-25
# execute repeatedly in procedure
call filldata();
set @@parse_mode = 2;
create or replace procedure proc()
begin
DECLARE t INT DEFAULT 1;
WHILE t < 4 DO
alter table t1 truncate subpartition s0;
SET t = t + 1;
END WHILE;
end;
/
call proc();
select * from t1 partition (p0);
id	purchased
2	1999-10-25
#########################################################################
# test-11 truncate subpartition in transaction
#########################################################################
# truncate subpartition in a transaction
call filldata();
truncate table tt;
begin;
insert into tt values (1,1), (2,2);
alter table t1 truncate subpartition s0;
commit;
select * from t1 partition (p0);
id	purchased
2	1999-10-25
select * from tt;
id	age
1	1
2	2
# truncate subpartition in a transaction and rollback (no effect cause of committed already)
call filldata();
truncate table tt;
begin;
insert into tt values (1,1), (2,2);
alter table t1 truncate subpartition s0;
select * from t1 partition (p0);
id	purchased
2	1999-10-25
rollback;
select * from tt;
id	age
1	1
2	2
select * from t1 partition (p0);
id	purchased
2	1999-10-25
############################## update global index  ###############################
set @@parse_mode = 2;
call filldata();
alter table t1 truncate subpartition s0 update global indexes;
call checkdata();
Start checking data ...
Start checking data ...
id	purchased
id	purchased
2	1999-10-25
id	purchased
3	2005-10-24
id	purchased
4	2015-10-25
id	purchased
5	2020-10-24
id	purchased
6	2021-10-24
End checking data ...
End checking data ...
call filldata();
alter table t1 truncate partition p0 update global indexes;
call checkdata();
Start checking data ...
Start checking data ...
id	purchased
id	purchased
id	purchased
3	2005-10-24
id	purchased
4	2015-10-25
id	purchased
5	2020-10-24
id	purchased
6	2021-10-24
End checking data ...
End checking data ...
# restore ...
drop database yxx;
